datetime,high,low,close,open,volume
01-01-2018,13818.55,12750,13135,13715.65,6970.441076
02-01-2018,14750,12890.02,14580,13135,16359.34734
03-01-2018,15473.49,14150,14749.97,14576.87,19457.2386
04-01-2018,15280,13918.04,14811,14710,18783.87656
05-01-2018,17118.13,14600,16579,14805.01,22383.65733
06-01-2018,17176.24,16011.21,16769.89,16579,20207.4443
07-01-2018,17143.13,15610,16019.25,16775,14684.02661
08-01-2018,16500,12812,14900,16020.58,24892.24412
09-01-2018,15500,14011.05,14803.44,14900,14683.26715
10-01-2018,14863.93,13131.31,14548.32,14803.46,18317.22535
11-01-2018,14968.68,11400,13661.5,14548.32,29883.34094
12-01-2018,14109.78,12500,13405.28,13661.35,19909.87154
13-01-2018,14580,13350,14259.37,13379.69,12690.13287
14-01-2018,14348.19,12569.2,13265,14259.37,16420.2972
15-01-2018,14249.99,13081,13827.95,13265,14435.81354
16-01-2018,13891.01,10575.35,10993.18,13811.01,44935.64954
17-01-2018,11523.3,9035,9650,10993.13,75283.36793
18-01-2018,11878.82,9640,11465,9651,57025.04753
19-01-2018,11795,10360,11185.1,11465,39463.66291
20-01-2018,13099,11047,13035,11185.1,29034.1669
21-01-2018,13050.12,11024,11344.57,13035.02,38457.18497
22-01-2018,11926.35,10139.97,10399.81,11344.57,40270.39499
23-01-2018,11399,9900.24,11200,10399.82,41347.54786
24-01-2018,11570.48,10500,11069.09,11199.13,29674.20477
25-01-2018,11794.05,10950.21,11250,11068.79,21799.94508
26-01-2018,11643,10311.15,11033,11245,32770.57013
27-01-2018,11625,10800.93,11485,11039,18668.63383
28-01-2018,12244,11400,11783,11484.94,17845.37606
29-01-2018,11999.98,11139.55,11379.02,11783.05,14696.78337
30-01-2018,11410,9900,10073.79,11394.75,20058.46752
31-01-2018,10600,9700,10054.11,10090,23688.96233
01-02-2018,10335,9011.51,9130.03,10061.19,25257.82256
02-02-2018,9560.01,8010.02,8647.91,9130.3,54378.49192
03-02-2018,9459.6,8229,9399,8647.91,30086.95974
04-02-2018,9473.01,8300,8349.04,9400,25927.87222
05-02-2018,8474,6929.83,6965.13,8359.99,50871.96858
06-02-2018,7543.99,6000.01,7180.01,6966.46,104991.2084
07-02-2018,8476,7150.01,8225,7180.01,67124.49181
08-02-2018,8259.12,7531.11,7784.02,8225,13118.94017
09-02-2018,8738,7789.9,8624.6,7789.9,14419.13624
10-02-2018,9065.78,8120,8272.59,8624.59,45930.98997
11-02-2018,8572,7726.53,8313.33,8272.92,48282.32817
12-02-2018,8840.82,8015,8685.24,8321.22,39195.08361
13-02-2018,8989,8351,8569.69,8685.27,38804.44845
14-02-2018,9400,8461,9286.03,8569.69,39594.08752
15-02-2018,10219.5,9170,10063.75,9286.03,49965.85287
16-02-2018,10323.37,9666,9945,10056.11,42039.72239
17-02-2018,10877.91,9881.53,10752.96,9945,40210.1539
18-02-2018,11274,10080,10745,10752.95,59818.32194
19-02-2018,11250,10270.33,11082.94,10743.04,42535.55281
20-02-2018,11748.01,11005,11691.03,11093.98,41084.93698
21-02-2018,11786.01,10312.12,10501.04,11691.05,70124.51176
22-02-2018,10933.44,9679,9868.95,10501.04,69830.21839
23-02-2018,10435,9570.19,10180.04,9862.33,57307.81154
24-02-2018,10496.97,9556,9560.26,10184.28,42446.11035
25-02-2018,9847,9274.8,9410.02,9560.26,30679.11834
26-02-2018,10400,9350,10251.07,9417,34523.21475
27-02-2018,10870,10121,10638.29,10251.07,32081.10372
28-02-2018,11098,10375.54,10480.98,10638.3,29603.12218
01-03-2018,10938,10240,10915.57,10480.88,23946.97135
02-03-2018,11200,10770,10909.99,10915.56,26499.02351
03-03-2018,11544,10837.97,11510,10909.99,20880.25687
04-03-2018,11539.96,11050.02,11370,11510,17306.23269
05-03-2018,11676.99,11291.01,11650,11370.01,15377.66764
06-03-2018,11710,10690,10697.95,11650,26900.57177
07-03-2018,10899,9389.31,9700.76,10697.94,47816.91273
08-03-2018,10138.04,9060,9327.67,9700,43767.49145
09-03-2018,9471,8329,8894.62,9325.09,59690.72899
10-03-2018,9490,8653.88,9080,8894.62,39834.19922
11-03-2018,9711,8450,9589.02,9080,44294.25338
12-03-2018,9888.88,9004,9210,9589.02,40776.18536
13-03-2018,9474,8780,9130.65,9210,44487.86546
14-03-2018,9333.78,8201,8250.17,9142.51,40917.24037
15-03-2018,8430,7650,8126,8252.01,59409.64435
16-03-2018,8611.64,7900,8507.13,8126,40465.23298
17-03-2018,8588.88,7758,7818.95,8506.61,31034.6098
18-03-2018,8050,7322,7436,7820,47402.69742
19-03-2018,8705.23,7379.82,8298.98,7440,66884.14113
20-03-2018,8891.3,8280,8820,8298.98,42863.35494
21-03-2018,9177.01,8750.6,8879,8820,44002.68907
22-03-2018,9100,8465.1,8661,8880,41076.61353
23-03-2018,8770,8269,8622.01,8648.26,39541.056
24-03-2018,8999.95,8559.25,8916.01,8618.02,32273.50243
25-03-2018,8968,8365.77,8610.47,8916.01,32907.70434
26-03-2018,8669.85,7860,7883,8610,38822.31429
27-03-2018,8268.5,7730,7870.01,7883.06,42064.9384
28-03-2018,8109,7728,7944.69,7870.01,28507.04876
29-03-2018,8009,7334,7435.01,7940.12,38660.55277
30-03-2018,7478.94,6600.1,6738.58,7435.01,76318.90225
31-03-2018,7223.36,6710,7021,6738.58,39645.83178
01-04-2018,7068.9,6430,6815,7021,42111.19484
02-04-2018,7125,6753,6979.89,6815.27,34874.54543
03-04-2018,7499.99,6890,7466,6974.07,36433.08981
04-04-2018,7520,6721,6850,7466.85,42227.81871
05-04-2018,6902,6566.69,6700,6850,40419.52274
06-04-2018,6850,6500,6589,6708.71,29148.42681
07-04-2018,7070,6516.67,6985.71,6589.99,31412.08108
08-04-2018,7109.13,6850.01,6999.99,6985.73,22718.92808
09-04-2018,7185,6676.5,6750.01,6999.99,31783.69109
10-04-2018,6874,6611,6853,6750.01,23781.92918
11-04-2018,6990,6768.01,6899.75,6853,23410.51131
12-04-2018,8012.23,6743.2,7689.89,6899.75,59200.16839
13-04-2018,8233.39,7680,8117.84,7688.67,51872.51769
14-04-2018,8186,7768.47,8028,8117.93,40739.34122
15-04-2018,8429.54,7941,8321.02,8028,28536.39368
16-04-2018,8419,7867,8020,8321.5,35979.96594
17-04-2018,8173.7,7912.08,7945.17,8020,27954.21814
18-04-2018,8149.89,7825.4,8109,7941.97,29490.94348
19-04-2018,8296,8080,8274.57,8109,29014.33489
20-04-2018,8577.9,8177.09,8505.01,8274.57,33998.03954
21-04-2018,9035,8490,8779.97,8505.04,46638.26569
22-04-2018,9020.67,8707,8948.8,8780,27251.46643
23-04-2018,8985,8727.68,8893.99,8948.8,27843.53544
24-04-2018,9420,8800.6,9410.99,8894,38860.78279
25-04-2018,9759.82,8730,8991.03,9410.99,82692.02653
26-04-2018,9185.01,8651.62,8845.09,8991.04,43964.48387
27-04-2018,9395,8838.35,9230.89,8845.1,37434.46561
28-04-2018,9427.48,8870,9390.52,9230.89,39213.11527
29-04-2018,9570.51,9163.74,9344,9398.98,38776.43008
30-04-2018,9458.64,9124.99,9350,9344,32496.75476
01-05-2018,9359.48,8800.49,8985,9351,42487.37262
02-05-2018,9217.3,8962,9125,8985,26127.7889
03-05-2018,9779,9068.5,9684.99,9136.68,37319.89534
04-05-2018,9844,9520.85,9649.97,9690,31965.54215
05-05-2018,10020,9631.03,9888.73,9649.95,24422.68778
06-05-2018,9970,9417.03,9572.71,9888.73,28788.86337
07-05-2018,9689.67,9181,9376.7,9572.71,31834.94514
08-05-2018,9475.7,9060.54,9217,9376.66,27104.43819
09-05-2018,9390,8965,9288.88,9217,25576.17832
10-05-2018,9395.12,9065,9130,9288.88,22850.8924
11-05-2018,9134.98,8462,8606.93,9129.99,45804.00888
12-05-2018,8684,8153,8350,8603.85,43309.71191
13-05-2018,8700.96,8298,8634.5,8349,25766.06607
14-05-2018,8823.99,8277,8729.95,8634.48,36379.6918
15-05-2018,8879.99,8427,8508.4,8729.45,29297.61494
16-05-2018,8588.64,8083.01,8266.5,8508.4,32675.40954
17-05-2018,8464,8101,8154,8266.5,20902.1875
18-05-2018,8241.91,7911.9,8200,8154,27297.07895
19-05-2018,8390.8,8095.73,8289,8202.67,18030.43665
20-05-2018,8558,8163.9,8536,8286.55,19324.29714
21-05-2018,8609,8305,8341,8531.01,22050.55022
22-05-2018,8449.11,8145,8214.39,8340.99,19342.17274
23-05-2018,8233.99,7425,7478.95,8214.39,41586.11025
24-05-2018,7730.73,7266.99,7586.66,7472.76,41193.68192
25-05-2018,7649.55,7308.15,7418.1,7586.66,28281.80096
26-05-2018,7620,7344.35,7550,7416.98,17602.40932
27-05-2018,7620,7231.11,7277,7550,21276.23019
28-05-2018,7437,7148.16,7195.22,7276.99,24783.96551
29-05-2018,7540,7032.95,7455.82,7195.22,39119.91664
30-05-2018,7569,7260.5,7300.63,7455.82,32883.3682
31-05-2018,7699,7288,7557.09,7300.22,30082.64123
01-06-2018,7608.55,7355.54,7404.99,7557.09,29073.57151
02-06-2018,7697.33,7396,7660.29,7404.3,27643.3872
03-06-2018,7786.69,7600,7678,7659.14,25849.52169
04-06-2018,7760.52,7446.5,7498,7678,32767.48501
05-06-2018,7679.49,7358,7618.66,7498,31951.38576
06-06-2018,7690.52,7467.05,7516.59,7618.67,27256.93182
07-06-2018,7765,7502.02,7697.2,7516.57,26093.35987
08-06-2018,7707.74,7531,7637.63,7698.31,24050.13889
09-06-2018,7683.98,7563.3,7608.36,7637.63,17260.05878
10-06-2018,7629.94,6622.81,6760.26,7608.35,43886.83039
11-06-2018,6841.35,6610,6740.32,6757.49,41787.52398
12-06-2018,6922,6653,6671.31,6740.38,30517.48258
13-06-2018,6685.17,6118.68,6319.95,6678.34,52007.36783
14-06-2018,6720,6219,6649.87,6319.02,44534.56668
15-06-2018,6700,6445,6542.44,6644.61,31117.87649
16-06-2018,6560,6320.86,6508,6542.49,24651.39192
17-06-2018,6589.03,6435,6515,6506.19,19052.72786
18-06-2018,6794.38,6380,6718.15,6510.47,30113.60892
19-06-2018,6841.74,6653,6710.49,6718.01,28112.88935
20-06-2018,6817.23,6551.81,6757.5,6710.4,24931.69458
21-06-2018,6795,6672.57,6697,6755.4,24935.45813
22-06-2018,6748,6070.61,6212.96,6695.1,42996.77514
23-06-2018,6232.72,5918.94,6120,6212.96,34942.51604
24-06-2018,6260,5750,6172.9,6117.19,46144.06786
25-06-2018,6350,6061.97,6265,6171.34,40508.88495
26-06-2018,6290,6121.05,6168.73,6264.99,18346.29996
27-06-2018,6272.54,5971,6123,6163.58,22426.63868
28-06-2018,6190.43,6060.59,6106.86,6123.99,22194.56407
29-06-2018,6114.34,5780,5883.2,6107.85,35430.49744
30-06-2018,6528.99,5868,6316.52,5883.19,42508.95472
01-07-2018,6441.06,6251,6324,6315.21,25772.72758
02-07-2018,6679.71,6271.62,6641.79,6324,37186.53639
03-07-2018,6685,6519.99,6569.92,6642.99,33191.09154
04-07-2018,6784.92,6441.11,6669.65,6569.93,29432.2114
05-07-2018,6712,6453.33,6486.51,6674,34271.39579
06-07-2018,6648.54,6425,6565.14,6488.24,31161.5358
07-07-2018,6630,6511.44,6559.03,6565.14,21013.44709
08-07-2018,6818.16,6508.88,6754.98,6559.03,26283.313
09-07-2018,6774.85,6657.02,6697.28,6754.98,25673.99956
10-07-2018,6802.06,6325.99,6374.7,6697.27,39680.48654
11-07-2018,6406,6263,6337.54,6374.26,29769.13841
12-07-2018,6381.08,6135,6168.99,6337.4,29101.73883
13-07-2018,6350,6070,6237.24,6169,26212.3689
14-07-2018,6300,6110,6236.99,6237.24,19960.45396
15-07-2018,6395,6205,6356.82,6237,24092.30595
16-07-2018,6714.96,6330.4,6664.87,6356.82,34654.86412
17-07-2018,7468.99,6635.58,7345,6663.5,45916.34618
18-07-2018,7588.08,7261,7429.94,7343.03,56217.76677
19-07-2018,7521.86,7225.38,7427,7429.94,48310.41597
20-07-2018,7700,7273,7361,7424.92,46734.19414
21-07-2018,7442.12,7211,7433.77,7361.22,31360.11433
22-07-2018,7555,7339,7520.29,7433.78,27026.43765
23-07-2018,7833,7335.5,7743.8,7520.01,42850.45656
24-07-2018,8371.93,7696,8258.35,7742.73,56703.91823
25-07-2018,8491.77,8050,8076.17,8258.34,49291.08849
26-07-2018,8337.6,8075.09,8245.29,8076.1,33391.51493
27-07-2018,8299.08,7805,8269.22,8245.29,55254.92151
28-07-2018,8285,8067,8193.65,8269.22,29190.61343
29-07-2018,8294.51,8115,8212.98,8193.68,25416.48201
30-07-2018,8278.78,7866,7963.34,8212.99,35000.85873
31-07-2018,8200,7656.74,7745.23,7963.02,48777.37585
01-08-2018,7777,7464.81,7542.5,7745.23,41757.27433
02-08-2018,7709.46,7430,7507.63,7542.51,40750.13715
03-08-2018,7575,7282.44,7470.54,7506.82,42824.99087
04-08-2018,7494.81,6926,6985.77,7473.29,41787.58147
05-08-2018,7089.87,6882.29,7014.7,6983.99,29786.26436
06-08-2018,7160,6861.06,6923.88,7015,31687.79944
07-08-2018,7150.46,6821,7104.89,6923.88,35000.13707
08-08-2018,7113.89,6123,6264.78,7101.03,66194.64013
09-08-2018,6550,6178.6,6469.65,6264.77,50851.6261
10-08-2018,6622.81,6299.82,6396.35,6470,51198.81208
11-08-2018,6488,5971,6387.89,6396.34,61989.00671
12-08-2018,6411,6130,6303.08,6385.7,31949.33496
13-08-2018,6545,6145.04,6240,6303.93,56018.20758
14-08-2018,6297,5880,6040,6240,52786.30897
15-08-2018,6609,6040,6525.94,6040,58669.14368
16-08-2018,6535,6205.6,6422.62,6526.01,58551.60149
17-08-2018,6562.72,6228,6519.92,6421.14,53911.25658
18-08-2018,6620,6288,6367.99,6516.26,55605.64477
19-08-2018,6469.32,6300,6362.71,6368.48,43232.40732
20-08-2018,6541,6355,6468.17,6362.74,47138.6071
21-08-2018,6490,6220,6450,6468.17,50843.49982
22-08-2018,6882.54,6384.3,6408.26,6447.99,63209.18243
23-08-2018,6494.26,6251.2,6449.52,6408.25,49031.59939
24-08-2018,6642,6360,6632.33,6449.48,38277.24536
25-08-2018,6789,6590,6706.35,6632.33,26820.125
26-08-2018,6775.27,6568,6696.39,6709.88,20157.0566
27-08-2018,6768.28,6646.5,6730.01,6693.13,30233.22007
28-08-2018,7091,6710.2,7064.77,6730.01,48987.79843
29-08-2018,7135,6912.34,7008.57,7064.77,45489.43487
30-08-2018,7070,6784.81,6819.5,7008.56,42329.69996
31-08-2018,7089,6800,7044.49,6819.49,42368.75591
01-09-2018,7225,6992.02,7204.61,7046.2,38621.275
02-09-2018,7345.45,7127,7308.84,7200.81,42916.43403
03-09-2018,7333.33,7191.63,7284.35,7311.69,31133.50424
04-09-2018,7410,7225.89,7358.03,7284.36,36957.86875
05-09-2018,7397.3,6851,6923.63,7358.49,55593.67635
06-09-2018,6995,6265,6424.59,6923.64,67311.61519
07-09-2018,6544,6320,6417.11,6422.97,40479.7252
08-09-2018,6478,6125,6186.29,6416.55,35159.38719
09-09-2018,6441,6111,6377.52,6186.28,38056.87167
10-09-2018,6400,6211,6279.46,6375.47,33702.53559
11-09-2018,6404,6169.68,6243.25,6280.14,33193.64492
12-09-2018,6360,6192.37,6315.65,6243.63,30979.74464
13-09-2018,6535,6292.51,6482.17,6316.07,38699.86568
14-09-2018,6584.99,6385.62,6477.95,6483.01,38853.99556
15-09-2018,6565.45,6449.38,6523.02,6476.06,27508.48117
16-09-2018,6539.1,6370,6487.96,6522.99,26766.59632
17-09-2018,6533.84,6225,6298,6487.95,33601.54297
18-09-2018,6390,6201,6335,6297.99,34281.69138
19-09-2018,6369.04,6123,6167.4,6334.51,30788.06359
20-09-2018,6517.7,6123,6407,6160.93,28659.58891
21-09-2018,6779.01,6325,6739.98,6405.54,53129.67967
22-09-2018,6839.03,6627,6741.98,6737.01,36769.86677
23-09-2018,6788.23,6661.75,6707.4,6741.97,27514.36718
24-09-2018,6730,6563.14,6645.15,6707.37,34048.78737
25-09-2018,6650,6325.02,6347.58,6645.15,38734.32724
26-09-2018,6557.99,6345.85,6520.01,6348,34190.83985
27-09-2018,6540,6430,6526.98,6520.01,28901.53216
28-09-2018,6814.8,6510.69,6650.21,6526.09,45518.70499
29-09-2018,6700,6464.57,6592.03,6650.26,33204.44508
30-09-2018,6662,6542.48,6624.03,6592.02,26385.60075
01-10-2018,6667.09,6510,6592.82,6624.07,21894.38632
02-10-2018,6640,6494,6572.01,6591,28735.09282
03-10-2018,6586,6430,6497.43,6571.03,28023.57141
04-10-2018,6643.46,6450.73,6608.08,6494,21239.81513
05-10-2018,6632.98,6543.08,6591.02,6608.16,14297.57459
06-10-2018,6697,6566.77,6591,6591.02,13762.37608
07-10-2018,6609.83,6525,6594.27,6591,18368.39313
08-10-2018,6715.6,6579.01,6664.45,6595,23085.69054
09-10-2018,6705,6607,6661,6664.44,12056.9505
10-10-2018,6674.94,6530,6637.2,6661.5,18783.71429
11-10-2018,6646.2,6219.17,6296.51,6637.2,43485.69488
12-10-2018,6360,6205,6311.44,6296.49,31412.09526
13-10-2018,6345,6278,6306.93,6311.45,22829.2275
14-10-2018,6416,6301.05,6397,6306.93,13313.69311
15-10-2018,7680,6300,6812.57,6397,84356.70639
16-10-2018,6900,6650,6730.66,6812.57,32038.95322
17-10-2018,6811.12,6676.01,6742.51,6728.47,29322.0479
18-10-2018,6796,6611.95,6634,6742.19,19661.83053
19-10-2018,6648.14,6551.02,6569.96,6634,18671.09771
20-10-2018,6617.65,6505.55,6565.15,6568.7,23648.89575
21-10-2018,6663.9,6562.2,6626.86,6565.15,5334.202558
22-10-2018,6639,6535.27,6563.03,6626.42,15301.08947
23-10-2018,6595,6515.45,6560.93,6563.3,14014.57486
24-10-2018,6630,6541.01,6585.99,6560.93,12105.64417
25-10-2018,6590.54,6502.8,6560,6585.01,11858.79565
26-10-2018,6600,6515.01,6539.8,6560,9567.175691
27-10-2018,6558.35,6463.04,6488.45,6539.38,6898.434128
28-10-2018,6514.17,6475,6477.26,6488.45,6157.930348
29-10-2018,6505.01,6315,6361.55,6477.28,13355.94729
30-10-2018,6395,6317,6338.53,6361.24,8753.097797
31-10-2018,6428,6245.02,6367.81,6338.53,12936.92413
01-11-2018,6400,6348.66,6373.94,6367,7686.12583
02-11-2018,6460.34,6370,6425.14,6373.94,10678.96719
03-11-2018,6445,6345,6373.09,6424.53,8126.497572
04-11-2018,6525,6359,6493.75,6373.09,9814.670091
05-11-2018,6504.39,6431.02,6439.94,6492.3,9665.452669
06-11-2018,6514.73,6437,6491.36,6444.68,10438.87299
07-11-2018,6615.15,6475.6,6577,6491.36,15470.08082
08-11-2018,6594,6471.22,6492.98,6577,12487.08306
09-11-2018,6515,6391.01,6426.32,6492.98,12403.44903
10-11-2018,6475.55,6391.5,6447.78,6428.62,8125.677398
11-11-2018,6465,6355,6412.36,6450.04,7695.843226
12-11-2018,6497,6404,6439.03,6410.24,10183.21334
13-11-2018,6498,6391.15,6457.34,6440.5,11216.77521
14-11-2018,6492,5829.67,5880,6457.34,33919.57963
15-11-2018,5939.54,5403.42,5673.89,5876.84,57068.20845
16-11-2018,5782.89,5560.05,5656.76,5673.95,36021.02886
17-11-2018,5668.91,5549.25,5606.23,5657.2,29942.79089
18-11-2018,5688.84,5588.89,5679,5607.34,22241.09961
19-11-2018,5738.17,5050,5058.32,5679.98,55986.71729
20-11-2018,5134.57,4405,4729.51,5055.96,109069.8328
21-11-2018,4787.2,4326,4556,4727.9,78412.21259
22-11-2018,4721.77,4469.84,4532.45,4555.98,36743.68955
23-11-2018,4580,4222.94,4349.56,4533.99,51174.12363
24-11-2018,4527,4324.15,4341.42,4348.61,34140.52312
25-11-2018,4353.55,3652.66,3860,4340.87,109551.2561
26-11-2018,4233,3701,3958.5,3862.58,99919.6181
27-11-2018,3987,3689.12,3834.01,3954.51,76195.82704
28-11-2018,4315,3790,4301,3835.89,82908.84943
29-11-2018,4450.38,4125.65,4271.96,4301,83777.45881
30-11-2018,4341.36,3943,4037.02,4271.98,72115.85917
01-12-2018,4299.99,3951,4245.08,4036.12,45622.67227
02-12-2018,4312.99,4103.04,4162.22,4245,37978.48083
03-12-2018,4268,3827,3901.32,4162.61,50604.05208
04-12-2018,4085,3781,3960.04,3901.32,49115.91118
05-12-2018,3980,3745,3797.99,3960.04,43565.76565
06-12-2018,3899.99,3613.13,3658.6,3797.99,61226.65162
07-12-2018,3700,3224.6,3255.01,3660.05,85056.83918
08-12-2018,3549.99,3222,3404.94,3255.01,64898.57363
09-12-2018,3658,3276.47,3585,3403.6,53035.28324
10-12-2018,3610,3400.12,3426.29,3585.03,39612.905
11-12-2018,3480,3324.32,3375.08,3423.19,38048.29048
12-12-2018,3492,3350,3459.98,3374.2,36131.94051
13-12-2018,3472.73,3362.93,3397.11,3460,29221.80143
14-12-2018,3399.2,3200,3217.98,3397.14,49689.62041
15-12-2018,3281.87,3156.26,3182.73,3217.98,33394.8015
16-12-2018,3294,3180,3235.9,3183.9,26649.54663
17-12-2018,3547,3215.2,3539.35,3236.9,50164.56831
18-12-2018,3585,3424.47,3503.09,3540.06,65888.94959
19-12-2018,3912.73,3500.04,3774.55,3503.02,94417.95085
20-12-2018,4120,3630.23,4003.17,3773.98,98389.16105
21-12-2018,4139.99,3860,3916.76,4007.59,85096.2412
22-12-2018,3938,3764,3850.27,3916.76,49848.64998
23-12-2018,4021.53,3819,3953.29,3852.35,44169.00273
24-12-2018,4198,3888,4032.98,3953,60156.38705
25-12-2018,4066,3646.41,3706.29,4032.98,62563.11475
26-12-2018,3837.15,3656.74,3733,3705.35,44581.49999
27-12-2018,3813.98,3670,3715,3732.71,35993.15472
28-12-2018,3869,3535,3816.89,3715.9,52619.04017
29-12-2018,3892,3756.2,3791.85,3816.29,37490.70668
30-12-2018,3903.5,3657.9,3781.71,3791.86,37549.22849
31-12-2018,3823,3692.11,3741.52,3781.77,28886.51618
01-01-2019,3756.94,3630.33,3659.41,3741.27,22958.29595
02-01-2019,3865.72,3659.56,3828.87,3659.56,36236.18181
03-01-2019,3882.14,3730,3757.89,3827.22,32564.54456
04-01-2019,3800,3703.57,3730,3757.58,27512.84811
05-01-2019,3840.99,3729.02,3809.02,3730.41,31565.50562
06-01-2019,4027.71,3740,3989.09,3810,33580.89835
07-01-2019,4017.9,3921.53,3977.89,3990,35239.73723
08-01-2019,4069.8,3922,3968.46,3977,38300.27718
09-01-2019,4006.81,3903,3971.38,3969.42,29575.39578
10-01-2019,3996.01,3540,3573.78,3970.06,55859.67549
11-01-2019,3635,3540.33,3605.88,3573.78,36379.91768
12-01-2019,3658,3465,3591.92,3605.88,28532.369
13-01-2019,3612.39,3441.3,3462.75,3591.92,25101.37981
14-01-2019,3671.87,3454,3628.01,3463,34568.59081
15-01-2019,3665,3578.07,3596.98,3629.32,30577.52964
16-01-2019,3645,3516.62,3588.75,3596.96,32218.16549
17-01-2019,3633,3530.39,3605.69,3588.46,29024.28484
18-01-2019,3634.7,3565.75,3582.23,3605.97,24899.75063
19-01-2019,3720,3566.1,3682.35,3582.56,22589.93603
20-01-2019,3693.73,3475,3523,3682.33,27263.92239
21-01-2019,3559.51,3501,3534.98,3523.02,18670.44938
22-01-2019,3590.8,3434.85,3588,3534.3,29599.21262
23-01-2019,3608.5,3543.99,3571.18,3589.71,21274.25337
24-01-2019,3576.97,3514.5,3555.88,3571.11,23915.3332
25-01-2019,3589,3522.51,3545.3,3555.86,19591.05847
26-01-2019,3662.94,3540.35,3569.42,3545.32,20174.68479
27-01-2019,3579,3486,3557.13,3569.98,22262.02284
28-01-2019,3571.09,3380.27,3424.01,3557.13,38974.31215
29-01-2019,3445.99,3349.92,3413.41,3424.03,29911.34929
30-01-2019,3478,3387.1,3469.7,3413.41,24405.40006
31-01-2019,3489.2,3418.8,3424.63,3469.72,28664.49486
01-02-2019,3479.99,3401.2,3472.01,3425.22,25085.51893
02-02-2019,3488,3440.29,3466.89,3472.22,17615.31126
03-02-2019,3526.4,3447.44,3466.88,3467.19,18855.79949
04-02-2019,3484.88,3426,3467.52,3466.88,23978.91653
05-02-2019,3478.97,3448.43,3456,3467.99,25461.89685
06-02-2019,3482.72,3380,3406.04,3455.95,35681.03857
07-02-2019,3426.45,3392,3398.98,3406.37,20215.30367
08-02-2019,3733.58,3373.1,3654.03,3398.54,43501.99633
09-02-2019,3680.02,3612,3640.37,3654.76,27614.2413
10-02-2019,3674,3609.76,3646.32,3640.06,21993.61391
11-02-2019,3684.99,3615.53,3640.39,3646.32,25690.06643
12-02-2019,3667.6,3582.34,3635.4,3640.39,28276.17026
13-02-2019,3670,3591.75,3612.5,3635.88,28214.48243
14-02-2019,3626.4,3568.11,3611.44,3612.48,22547.53045
15-02-2019,3653.23,3573.45,3602.37,3611.87,21619.0773
16-02-2019,3648.2,3590,3626.32,3602.06,18686.27044
17-02-2019,3700.11,3604.4,3616.24,3626.31,22328.49388
18-02-2019,3925,3610,3900.67,3616.27,63220.6927
19-02-2019,3994.52,3856,3950.02,3900.35,49823.46217
20-02-2019,3986.98,3870.66,3952.08,3950.02,38215.59407
21-02-2019,4016.48,3901.03,3920.85,3952.97,33156.82132
22-02-2019,3988,3915.33,3966.11,3921.33,24594.30936
23-02-2019,4145.41,3933.15,4092.96,3966.56,28151.87753
24-02-2019,4198,3712.66,3795.03,4094.26,63119.92278
25-02-2019,3871.27,3740,3868.77,3795.05,38697.17049
26-02-2019,3872.66,3777,3804.33,3869.1,31729.05731
27-02-2019,3838.85,3788,3809.64,3804.49,23210.90648
28-02-2019,3888,3677.17,3832.14,3809.64,40231.70993
01-03-2019,3855,3805,3849.79,3832.13,23258.0749
02-03-2019,3857,3772.25,3814.79,3848.7,21894.25637
03-03-2019,3835,3781.32,3808.61,3815.47,16375.86852
04-03-2019,3830,3670.69,3720.4,3808.6,33332.26022
05-03-2019,3877.1,3696.72,3847.13,3720.4,32513.07963
06-03-2019,3907,3813.09,3862.83,3848.14,25754.16202
07-03-2019,3905.4,3840.4,3885.88,3862.28,26738.45028
08-03-2019,3930,3862.32,3913.18,3886.63,26025.41323
09-03-2019,3971.75,3800,3929.6,3911.45,38903.06733
10-03-2019,3946.45,3881.69,3903.62,3929.57,23269.47109
11-03-2019,3936.98,3830,3869.08,3903.55,35510.36691
12-03-2019,3905.2,3826.06,3880.02,3869.05,29139.01977
13-03-2019,3893.56,3840,3866.21,3880.54,25303.17537
14-03-2019,3920,3810.43,3874.37,3866.19,27548.03248
15-03-2019,3939.22,3870,3930.52,3874.37,21513.85377
16-03-2019,4056.98,3905.92,3999.15,3930.48,28518.94919
17-03-2019,4012,3950.01,3985.89,3999.74,18270.64769
18-03-2019,4037,3953.33,3977.85,3985.89,23142.78138
19-03-2019,4031,3969.62,4004.14,3977.87,20110.41546
20-03-2019,4040.89,3980.5,4022.59,4004.46,21985.6686
21-03-2019,4069.32,3880.01,3972.44,4022.6,36637.45688
22-03-2019,4008,3968.25,3997.03,3971.14,20875.65939
23-03-2019,4018.83,3973.57,3992.87,3996.41,17381.81752
24-03-2019,4007.9,3975,3984.6,3992.87,15635.21766
25-03-2019,3999.3,3906,3916.72,3984.95,28345.80921
26-03-2019,3958.98,3888.71,3942.45,3916.72,34224.23929
27-03-2019,4040.36,3924.95,4018.69,3942.35,31371.19262
28-03-2019,4048,4002,4028.5,4019.18,22442.33434
29-03-2019,4123.71,4019.93,4106,4028.5,28940.97642
30-03-2019,4140,4052,4089.82,4106,21189.8521
31-03-2019,4116.12,4082.57,4102.04,4089.23,13365.74397
01-04-2019,4158.7,4067,4140.04,4102.04,24845.32052
02-04-2019,4841.44,4133.8,4714.21,4140.04,92263.89906
03-04-2019,5150.19,4702,5093.94,4714.21,90702.87002
04-04-2019,5275.01,4760,4844.25,5096.57,84771.06485
05-04-2019,5028.22,4777,4990.49,4845.31,45610.57004
06-04-2019,5205,4950.02,5142.45,4992.08,35369.76458
07-04-2019,5175.09,4928.59,5120,5141.85,37923.69818
08-04-2019,5305,5039,5167.15,5119.55,54196.87445
09-04-2019,5255,5076.68,5172.05,5167,37311.31864
10-04-2019,5422,5121,5351.79,5174.04,31802.48594
11-04-2019,5386.82,4927,5058.34,5351.79,61552.69004
12-04-2019,5080.58,4861.22,5033.19,5058.34,35348.64435
13-04-2019,5099,5002.94,5062.71,5033.85,18508.02904
14-04-2019,5087.03,5000,5087,5063,15025.74843
15-04-2019,5167.38,4983,5041,5087.14,27679.21344
16-04-2019,5197.72,4950,5151.46,5040.75,27066.73483
17-04-2019,5230.4,5144.2,5205.32,5152.45,24186.89266
18-04-2019,5273,5182.05,5248.78,5205.32,22090.23651
19-04-2019,5320,5175,5265.07,5248.84,25518.27371
20-04-2019,5333.42,5220.9,5287,5265.07,17571.79831
21-04-2019,5314.35,5165,5200,5287.23,26673.79836
22-04-2019,5380,5191.71,5373.13,5199.99,26242.00345
23-04-2019,5600,5323,5575.91,5373.17,40468.87807
24-04-2019,5582.2,5333.35,5368.53,5575.53,51170.69656
25-04-2019,5481.53,5350.07,5475.98,5369.05,29297.3297
26-04-2019,5510,5102,5245.54,5475.98,68629.16479
27-04-2019,5340,5237.2,5310.66,5245.48,17634.29474
28-04-2019,5342.5,5280,5308.47,5307.98,14163.85792
29-04-2019,5332,5178.8,5242.9,5308.12,20099.89026
30-04-2019,5339.98,5185,5305.89,5241.92,21775.85344
01-05-2019,5402,5290,5367.58,5305.89,18179.39269
02-05-2019,5538,5342.75,5496.1,5368.17,21537.32977
03-05-2019,5844,5477.57,5763,5496.1,46236.22326
04-05-2019,5900,5587.45,5669.99,5762.98,34248.71825
05-05-2019,5874.34,5664.51,5779,5670,29239.89856
06-05-2019,5818,5619.14,5796.84,5778.38,25050.2674
07-05-2019,6028.41,5732,5936.2,5795.73,37274.37036
08-05-2019,5970,5772.2,5933.39,5936.14,25367.28658
09-05-2019,6150,5910.01,6134.89,5935.59,26138.48226
10-05-2019,6468.92,6118.92,6439.3,6134.03,36141.25261
11-05-2019,6979.99,6270.03,6919.81,6439.3,61119.87444
12-05-2019,7521.78,6750,7082.98,6918.02,93567.54218
13-05-2019,7883.95,6863,7803.73,7084.99,73175.13052
14-05-2019,8366,7568,7831.22,7805.02,87715.98171
15-05-2019,8240,7599.56,8215.77,7830.91,39127.29801
16-05-2019,8320,7725,7906.44,8215.76,71758.97855
17-05-2019,7960,6913,7102.09,7906.83,87115.62732
18-05-2019,7458,7045.1,7266.84,7102.11,44761.53606
19-05-2019,8092.9,7230,7974.23,7266.56,56603.28939
20-05-2019,8275.09,7553,7718.52,7974.23,64362.63685
21-05-2019,8080,7713.68,7971.56,7722.11,57680.5541
22-05-2019,8042.32,7730,7907.71,7971.56,41686.38353
23-05-2019,7917.68,7461,7749.67,7906.9,56892.67742
24-05-2019,8130,7702,8022.39,7749.67,48260.06696
25-05-2019,8096.74,7892,7993.42,8020.01,32117.53869
26-05-2019,8052.6,7833.42,7990.2,7994.68,26190.33965
27-05-2019,8908.32,7990.2,8746.03,7990.2,73410.45943
28-05-2019,8823.52,8510.63,8728.78,8745.84,33003.64622
29-05-2019,8774.25,8406.6,8661.39,8727.67,35023.37459
30-05-2019,9074.26,8513.38,8652.27,8661.39,49327.01199
31-05-2019,8667.17,8005,8404.05,8652.28,61818.07319
01-06-2019,8626,8393.39,8494.49,8405.93,34075.83474
02-06-2019,8814.78,8468,8671.35,8495.39,29919.21035
03-06-2019,8800.95,8321.5,8563,8672.13,37775.28581
04-06-2019,8580.4,7606.48,7669.05,8561.49,71629.26069
05-06-2019,7888,7481.02,7759.93,7667.39,53303.43563
06-06-2019,7896.7,7444.58,7582.15,7762,39169.9676
07-06-2019,8100,7546.38,8055.33,7582.15,36372.91912
08-06-2019,8071.62,7751,7814.68,8055.33,23837.26852
09-06-2019,7943.72,7571.55,7660.98,7814.68,27138.54868
10-06-2019,8020,7506.66,7923.98,7660.74,39396.53896
11-06-2019,8010,7692.23,7862.01,7924.48,30797.29576
12-06-2019,8200,7788.99,8108,7863.45,41372.91343
13-06-2019,8275.78,8010.03,8257.56,8110.24,27986.9857
14-06-2019,8458.58,8144.32,8382.77,8257.56,36278.8335
15-06-2019,8864.99,8368,8787.44,8382.77,37731.1466
16-06-2019,9333,8725.17,9039.11,8787.44,57788.94525
17-06-2019,9379.38,8820.67,9259.99,9039.41,44231.21229
18-06-2019,9444,8950,9110.04,9259.89,59094.44148
19-06-2019,9206.28,8953.43,9109,9110.15,31114.62498
20-06-2019,9443.02,8960,9420.27,9108.04,31306.1941
21-06-2019,9930,9388.43,9897.13,9420.28,49999.36178
22-06-2019,11160,9810.98,10657,9897.05,101756.1117
23-06-2019,10963.25,10410,10906.32,10654.75,45656.16545
24-06-2019,11392.64,10620.8,11019.94,10905.4,60176.04393
25-06-2019,11503.71,10861.34,11441.42,11019.94,55116.147
26-06-2019,13961.45,11384.97,13905.39,11438.57,116757.066
27-06-2019,13970,10680.04,11165.54,13905.4,194531.4357
28-06-2019,12203,10525.1,11993.84,11165.19,110881.492
29-06-2019,12480,11475.02,11998.84,11993.69,76954.1674
30-06-2019,12244,10933,11269.13,11997.64,73865.95691
01-07-2019,11534.05,10050,10307.19,11269.13,95544.31228
02-07-2019,10784.94,9727,10725,10305.08,107401.437
03-07-2019,11513,10592.64,11227.64,10724.65,94850.91097
04-07-2019,12000,11156.29,11786.98,11224.76,71002.29281
05-07-2019,11807.1,10796.44,11200.3,11784.82,68251.85898
06-07-2019,11665,10805.1,11442.27,11200.3,52924.76715
07-07-2019,11498.63,11050,11390.4,11442.69,40442.53615
08-07-2019,11923.68,11220,11840.7,11394.29,43174.16882
09-07-2019,12794.73,11837.51,12555.66,11841.28,85998.92322
10-07-2019,13147.08,12100,12207.45,12555.66,92004.01252
11-07-2019,12225.4,11200,11641.19,12208.22,92799.33491
12-07-2019,11749,11000,11561.09,11642.9,68865.90405
13-07-2019,11885,11071.01,11135.99,11558.3,46081.27726
14-07-2019,11452,10295,10477.58,11135.84,76200.21291
15-07-2019,10940,9860,10903.12,10476.51,82144.48962
16-07-2019,11100,9501,9594.3,10903.11,87849.11805
17-07-2019,9923,9060,9919.98,9597.84,93454.3609
18-07-2019,10725,9252,10491.69,9919.98,83420.1025
19-07-2019,10788,10121.84,10380.67,10491.7,62464.9902
20-07-2019,10995,10350,10900.67,10381.71,42992.89447
21-07-2019,11068.99,10288,10494.08,10902,43057.18256
22-07-2019,10683.16,10167.1,10292.93,10492.21,37434.89667
23-07-2019,10394,9870.58,10096.7,10294.47,47031.45865
24-07-2019,10227.98,9525,9642.82,10096.71,45866.50083
25-07-2019,10175,9566.29,9990.88,9642.8,38351.54312
26-07-2019,9990.89,9637,9804.76,9990.88,29334.68282
27-07-2019,10188.66,9333,9401.09,9804.16,42743.90508
28-07-2019,9594.99,9343.3,9567.49,9401.94,19807.93579
29-07-2019,9729,9165,9519.55,9565.96,40363.90289
30-07-2019,9714.28,9402,9624.64,9520.6,30556.29979
31-07-2019,10109.8,9502.21,9974.64,9624.17,40644.89149
01-08-2019,10192.63,9863.46,10170.36,9975.52,32141.49344
02-08-2019,10670,10168.55,10456.24,10170.36,51485.23448
03-08-2019,10875.89,10351.24,10845.98,10456.03,34692.54774
04-08-2019,10992.1,10552,10906.9,10846.22,34336.66081
05-08-2019,11937.52,10777,11809.51,10907.23,67264.27645
06-08-2019,12330.7,11570,11734.08,11809.74,69484.48157
07-08-2019,12141.17,11226.7,11750.14,11735.41,69386.09659
08-08-2019,12079.51,11521,11661.25,11751,53153.77434
09-08-2019,12060,11550,11853.15,11661.57,45161.27339
10-08-2019,11985,11272.1,11376.13,11851.99,45883.64002
11-08-2019,11482.86,11112.11,11397.01,11375.04,24636.71355
12-08-2019,11600,11235.32,11419,11397.01,21006.66385
13-08-2019,11474.03,10788.45,10925.37,11416.79,32496.41915
14-08-2019,10981.69,10100,10174.16,10925.57,48411.00622
15-08-2019,10283.94,9911,10041.57,10174.14,34122.58093
16-08-2019,10536.03,9750,10409.05,10041.57,58671.89609
17-08-2019,10515,10000,10177.44,10409.48,31535.16813
18-08-2019,10500,10049,10379.1,10178.99,23661.55751
19-08-2019,10780,10258.6,10716.9,10380.57,34455.49218
20-08-2019,10949.96,10560,10753.84,10717.69,34826.23345
21-08-2019,10842.03,9858,10085.29,10754.84,46462.8494
22-08-2019,10242,9762,10191.52,10087.29,36056.90804
23-08-2019,10445,10019.79,10400.62,10191.48,25660.0672
24-08-2019,10444.32,9890,10063.56,10400,28599.09845
25-08-2019,10333,9966,10078.85,10060.5,24748.36402
26-08-2019,10604,9906.97,10305.55,10079.51,41985.68156
27-08-2019,10412,10051.08,10181.68,10305.4,31521.04855
28-08-2019,10299,9601.01,9720.69,10184.6,37133.31404
29-08-2019,9766.07,9320,9483.55,9718.53,39640.07265
30-08-2019,9630,9350.41,9509.75,9482.45,25034.62179
31-08-2019,9696,9450.35,9569.08,9509.75,16917.16368
01-09-2019,9684.51,9420.75,9599.98,9571.72,16590.18096
02-09-2019,10184.62,9577.17,10119.31,9599.98,38351.12199
03-09-2019,10773,10082.21,10624.02,10119.19,54685.39678
04-09-2019,10720,10369.89,10583.16,10624.59,40758.64026
05-09-2019,10799,10450,10533.45,10582.42,38175.61728
06-09-2019,10905.87,10293.34,10357.01,10535.01,56280.31237
07-09-2019,10558,10150,10456.47,10356.42,34543.29079
08-09-2019,10592.5,10208,10331,10456.47,23300.77244
09-09-2019,10480,10068.5,10253.8,10331.73,37423.57061
10-09-2019,10384.99,10161.51,10197.32,10253.26,24097.96128
11-09-2019,10293,9880,10069.47,10195.33,38063.05886
12-09-2019,10370,10040,10296.85,10067.39,32006.60753
13-09-2019,10448.81,10185.11,10222.21,10296.05,31152.19357
14-09-2019,10400,10153,10384.47,10222.81,25488.39235
15-09-2019,10419.99,10252.15,10289.45,10384.45,20326.5989
16-09-2019,10355,10078,10129.92,10289.52,25238.89306
17-09-2019,10330,10120,10226.93,10129.8,24250.77142
18-09-2019,10275,10100,10180,10226.93,25560.4488
19-09-2019,10210,9653,10029.25,10177.91,37483.97904
20-09-2019,10325,10015.26,10157.92,10029.91,32758.49762
21-09-2019,10188.17,9900,9992.55,10158.49,20752.24272
22-09-2019,10089,9853.97,9974.26,9992.14,22103.07903
23-09-2019,10075.77,9711,9827.12,9972.93,24817.63216
24-09-2019,9840,8600.02,8635.95,9825.92,52769.89798
25-09-2019,8828.16,7800,8344.57,8635.94,100895.2067
26-09-2019,8629.96,7750,8121.7,8342.27,70098.96668
27-09-2019,8159,7852.15,8029.66,8120.7,42191.11711
28-09-2019,8265,7977,8136.76,8029.94,36446.2205
29-09-2019,8315,7890,7981.66,8136.84,32742.68869
30-09-2019,8337.26,7710,8258.96,7981.66,57524.75427
01-10-2019,8500,8163.36,8289,8259.74,43939.14033
02-10-2019,8399,8151.22,8233.13,8289,26411.48261
03-10-2019,8393,8060,8129.72,8233.23,30173.56841
04-10-2019,8280,8005,8183.78,8130.95,28418.24299
05-10-2019,8217.47,8012.98,8060,8184.84,20570.12569
06-10-2019,8183.41,7785,7835.41,8060,33664.11069
07-10-2019,8299.92,7762,8232.03,7835.04,51962.84106
08-10-2019,8325,8126.81,8184.53,8231.81,35491.73822
09-10-2019,8670,8088.75,8590.63,8184.56,54505.59468
10-10-2019,8644,8414.52,8519.47,8590.63,40262.2523
11-10-2019,8779.51,8261.54,8314.84,8519.98,50832.2697
12-10-2019,8400,8212.38,8306.28,8312.94,23894.58072
13-10-2019,8451.37,8276.33,8424.34,8303.33,20847.12079
14-10-2019,8437.31,8160,8354.42,8423.55,33634.78742
15-10-2019,8403,8090,8172.54,8354.84,34199.83787
16-10-2019,8182.77,7917,7966.25,8173.02,34563.0214
17-10-2019,8124.92,7929.03,8073.13,7966.35,30301.44604
18-10-2019,8115,7816.01,7931.56,8073.11,31323.96275
19-10-2019,8098.1,7866.92,7976.16,7931.58,26138.95721
20-10-2019,8174.88,7870,8132.34,7975.77,29708.23424
21-10-2019,8333,8132.06,8168.42,8133.39,35052.67893
22-10-2019,8297.99,8153.65,8190.38,8168.67,29300.91967
23-10-2019,8194.39,7300,7506.38,8189.91,66014.93759
24-10-2019,7523.73,7337.99,7442,7506.37,35917.11257
25-10-2019,8799,7361,8622,7442.57,79814.85319
26-10-2019,10370,8470.38,9072.01,8622,162772.4147
27-10-2019,9774.98,8898.05,9632.52,9071.04,90599.4729
28-10-2019,9902.1,9254,9347.62,9632.52,84195.14483
29-10-2019,9550,9160,9357.06,9347.63,61880.83731
30-10-2019,9482,9001.01,9163.01,9356.96,64203.76509
31-10-2019,9405,8913,9229.95,9163.25,51756.57449
01-11-2019,9279,9013,9181.11,9229.96,46509.42707
02-11-2019,9373.74,9158.27,9285,9183.51,33159.05718
03-11-2019,9362.57,9101,9157.82,9284.39,25286.32447
04-11-2019,9325,9066.14,9264.02,9158.84,34331.0942
05-11-2019,9513.68,9175.76,9331.39,9261.84,56190.28568
06-11-2019,9440.91,9250.01,9304.15,9330.96,39077.21815
07-11-2019,9375,9119,9214.27,9303.98,37472.19883
08-11-2019,9265.88,8696,8820.42,9214.01,62304.79048
09-11-2019,8904.5,8724.88,8766.71,8819.11,32355.02215
10-11-2019,9147.19,8750,9037.98,8766.71,32448.05039
11-11-2019,9099.92,8618.68,8769.64,9037.81,46086.40663
12-11-2019,8888,8567.6,8750.15,8769.64,38997.78721
13-11-2019,8844.99,8702,8756.69,8750.96,27761.67289
14-11-2019,8800,8582.6,8642.92,8757.01,35060.89202
15-11-2019,8790,8400,8497.32,8643.39,45289.3918
16-11-2019,8543,8400,8483.57,8496.81,22857.11193
17-11-2019,8591.83,8350.68,8539.05,8483.92,22872.54721
18-11-2019,8635,8060,8214.88,8539.24,41811.85752
19-11-2019,8248,8003,8097.46,8215.19,46680.10525
20-11-2019,8264.29,8038.4,8104.76,8096.92,32312.32758
21-11-2019,8134.73,7500,7587.14,8104.24,56699.73557
22-11-2019,7750,6790,7231.78,7588.04,111885.0694
23-11-2019,7378.25,7080.01,7307.71,7232.85,64526.79858
24-11-2019,7330.39,6912,7074.48,7307.71,61705.02777
25-11-2019,7377.69,6515,7258.99,7074.48,122408.7969
26-11-2019,7340,7017.48,7094.44,7258.55,68022.8198
27-11-2019,7654.33,6840,7492.86,7094.88,87679.07724
28-11-2019,7655,7414.02,7580.86,7495.07,58463.92205
29-11-2019,7850,7360,7740,7581.49,65439.41768
30-11-2019,7810,7441,7475.02,7740.01,47022.89068
01-12-2019,7561.95,7210,7309.08,7475.03,58206.30125
02-12-2019,7436.81,7151.1,7271.01,7309.83,50043.31151
03-12-2019,7400,7241.35,7341.27,7271.01,34121.71859
04-12-2019,7750,7067,7471.21,7341.3,69989.7872
05-12-2019,7491.52,7100,7356.14,7471.2,68820.62155
06-12-2019,7590.03,7305,7440.41,7354.96,48879.52963
07-12-2019,7619.62,7410.67,7489.97,7440.01,35251.75951
08-12-2019,7564,7374.86,7518.05,7489.63,29651.98301
09-12-2019,7650,7390,7444.57,7517.52,39364.82248
10-12-2019,7446.91,7157.1,7226.35,7443.74,55473.90454
11-12-2019,7275.5,7125.66,7188.56,7225.26,32059.71247
12-12-2019,7295,7080.3,7216.85,7188.12,40148.87849
13-12-2019,7309.05,7186.12,7239.97,7216.87,29764.4576
14-12-2019,7271.77,7012,7096.46,7239.97,29243.90242
15-12-2019,7200.3,7008.35,7123.81,7096.53,26798.48139
16-12-2019,7150,6850,6924,7124.26,36511.53624
17-12-2019,6942.21,6640.77,6711.15,6923.9,48788.58528
18-12-2019,6929.2,6435,6860.9,6711.15,77452.64052
19-12-2019,7440,6852.28,7157.52,6860.9,83861.477
20-12-2019,7220,7079.5,7192,7157.53,32056.35551
21-12-2019,7214.26,7105,7149.89,7192,21312.81827
22-12-2019,7430,7122,7392.93,7148.83,29912.70803
23-12-2019,7695.38,7355,7391.93,7393,69975.87554
24-12-2019,7437.11,7157.04,7202.96,7392,48518.26335
25-12-2019,7280,7128.86,7173.41,7203.45,27319.52881
26-12-2019,7400,7166.01,7363.37,7174.51,30134.99331
27-12-2019,7435,7076.42,7220.4,7362.86,42404.49471
28-12-2019,7365.01,7191.01,7341.7,7220.83,27060.06699
29-12-2019,7430,7288,7425.31,7341.7,24019.56396
30-12-2019,7528.45,7220,7245.12,7425.57,36525.74891
31-12-2019,7320,7145.01,7168.86,7245.39,27006.4422
01-01-2020,7255,7156.85,7240.67,7169.32,16972.4185
02-01-2020,7242.98,6924.74,6974.02,7240.8,30115.77412
03-01-2020,7405,6871.04,7342.96,6974.02,64786.17891
04-01-2020,7404,7260.01,7306.92,7342.95,32867.80159
05-01-2020,7495,7283.01,7438.72,7306.6,36101.26028
06-01-2020,7622,7318,7533,7439.02,46582.86509
07-01-2020,8137,7524,8037.69,7532.5,85851.43794
08-01-2020,8455,7945.72,8053.7,8038.54,112941.4761
09-01-2020,8125.57,7778,7810.64,8053.7,66780.93989
10-01-2020,8140.11,7672,8022.16,7810.68,85402.65649
11-01-2020,8253.26,7964.01,8169.14,8022.15,56219.09792
12-01-2020,8286.34,7960,8119.31,8169.64,46024.43261
13-01-2020,8196,8055.89,8107.93,8119.91,30957.28833
14-01-2020,8850,8101,8769.35,8107.92,112823.3029
15-01-2020,8916.48,8564,8746.85,8769.07,84358.90938
16-01-2020,8876.4,8586,8684.19,8746.85,58389.30954
17-01-2020,9041.65,8672,8920.12,8684,68697.50097
18-01-2020,8988.88,8806.38,8886.79,8920.5,42834.52793
19-01-2020,9198.98,8524.2,8650.82,8886.79,62484.67269
20-01-2020,8758.84,8466,8664.84,8650.78,45482.50824
21-01-2020,8746.99,8602.8,8634.05,8664.86,27591.54884
22-01-2020,8818,8488,8669.56,8634.05,41844.02922
23-01-2020,8691.81,8306.39,8339.46,8669.19,44447.07094
24-01-2020,8528.02,8238,8485.75,8340.87,42421.67208
25-01-2020,8524,8254.9,8341.03,8485.54,26659.40684
26-01-2020,8618,8293.66,8580.03,8340.9,30029.82408
27-01-2020,8888,8535,8883.05,8578.69,45380.5779
28-01-2020,9188,8860.54,8998.63,8884.51,74414.56126
29-01-2020,9434.94,8976.46,9372.32,8998.69,58537.13421
30-01-2020,9530,9204.44,9499.28,9372.31,59658.91578
31-01-2020,9578,9210.01,9318.67,9499.31,50812.9927
01-02-2020,9464.53,9281,9390.3,9318.96,30127.02084
02-02-2020,9477.03,9120,9442.75,9390.55,42247.778
03-02-2020,9618.79,9234,9308.37,9442.01,53769.44017
04-02-2020,9350,9093.01,9195.57,9308.32,51991.46897
05-02-2020,9744.45,9151,9657.11,9195.54,58839.06455
06-02-2020,9862.57,9526.35,9769.18,9657.11,66022.47438
07-02-2020,9885,9660,9799.35,9769.18,48099.41168
08-02-2020,9888,9667.11,9841.76,9799.38,43248.3616
09-02-2020,10166,9840,10078.3,9841.97,45244.6198
10-02-2020,10188,9756,9842.26,10078.36,59260.63292
11-02-2020,10323.59,9700,10206.22,9842.25,60580.60258
12-02-2020,10450,10160.15,10345.78,10206.26,58377.19985
13-02-2020,10500,10080,10206.44,10345.78,82953.67277
14-02-2020,10360.2,10111.37,10356.89,10206.46,46585.12554
15-02-2020,10381.56,9801,9914.13,10356.95,58106.90817
16-02-2020,10050,9638.12,9796.01,9914.14,53800.06885
17-02-2020,9996.58,9452.67,9645.06,9796.01,75798.69713
18-02-2020,10048,9576.01,9985.73,9645.01,59923.76413
19-02-2020,10250,9973,10194.77,9987.16,44386.52446
20-02-2020,10207.69,9350,9530.63,10194.39,82757.75957
21-02-2020,9755.51,9516.61,9701.11,9531.29,39957.92307
22-02-2020,9720,9550.21,9655.64,9701.2,29531.54887
23-02-2020,9990,9644.47,9874.96,9655.71,35087.18332
24-02-2020,9990,9473.56,9588.3,9874.92,53200.03326
25-02-2020,9675,9281,9375.4,9588.27,53707.99427
26-02-2020,9426.02,8633.63,8842.49,9374.94,90934.63527
27-02-2020,8971.77,8531,8888.43,8842.27,70323.38607
28-02-2020,8919,8445,8539.71,8888.43,72985.39946
29-02-2020,8799,8520,8663.73,8539.72,41866.18355
01-03-2020,8750,8454.57,8457.63,8664.29,40249.75426
02-03-2020,8917.99,8411,8859.99,8458.03,60843.91497
03-03-2020,8965.75,8651,8717.89,8859.99,56712.43401
04-03-2020,8848.29,8660,8718.28,8717.89,40746.58463
05-03-2020,9136.63,8688.03,9110.6,8719.14,54383.00604
06-03-2020,9170,8985.5,9064.72,9110.6,47097.22093
07-03-2020,9188,8835,8876.63,9064.98,45606.40051
08-03-2020,8919,8149.27,8294.92,8877.18,67446.29839
09-03-2020,8301.28,7632.01,7753.54,8294.87,121691.0843
10-03-2020,8149,7728.01,7865.51,7753.66,83321.81751
11-03-2020,8038.11,7590,7792.61,7865.65,80465.04934
12-03-2020,7980,5550,5985.61,7791.86,198553.1863
13-03-2020,6095.08,3782.13,4985.34,5985.62,421935.7752
14-03-2020,5699,4863.23,5443.8,4981.96,168138.9739
15-03-2020,5594,5055.13,5307.63,5443.63,103888.2884
16-03-2020,5940,4442.12,5119.03,5307.62,259440.4121
17-03-2020,5479,4820,5367.79,5119.12,157684.6954
18-03-2020,5525,5009.37,5316.82,5368.85,138489.5647
19-03-2020,6359.45,5252.53,6137,5316.11,189948.4591
20-03-2020,6900,6055.55,6193.66,6136.61,192491.7175
21-03-2020,6380,5670,6210.51,6192.59,157541.6038
22-03-2020,6456.98,5863,5990.12,6211.44,112243.6484
23-03-2020,6600,5688,6258.41,5990.59,173229.7624
24-03-2020,6833,6237.08,6653.17,6259.95,157665.0705
25-03-2020,6957.96,6450,6649.89,6654.36,137299.9373
26-03-2020,6780,6510,6648.78,6649.89,81070.52949
27-03-2020,6842.59,6573.41,6646.96,6648.77,80651.43708
28-03-2020,6700,6024,6163.97,6646.95,100170.932
29-03-2020,6295,6060,6063.79,6162.96,51623.87885
30-03-2020,6444,5857.76,6363.01,6064.23,114694.4919
31-03-2020,6599,6321.4,6462.37,6362.72,89581.70143
01-04-2020,6494.9,6150.11,6186.86,6462.87,71085.91426
02-04-2020,7198,6164.28,6788.63,6187.99,158583.939
03-04-2020,7048,6602.1,6747.51,6788.69,119675.3989
04-04-2020,6900,6650.01,6771.31,6747.51,63028.5981
05-04-2020,6990.41,6677.52,6793.14,6771.71,62668.21789
06-04-2020,7253.05,6721.58,7240.94,6794.02,103159.9751
07-04-2020,7459.69,7183.66,7303.61,7240.95,103874.2837
08-04-2020,7420,7077,7319.46,7303.55,86758.67881
09-04-2020,7390,7108.08,7257.6,7319.23,67475.68324
10-04-2020,7315,6739.98,6912.52,7257.87,99470.71142
11-04-2020,6948,6771.44,6811.1,6913.49,47167.52736
12-04-2020,7177,6760,7097.23,6811.09,63954.13765
13-04-2020,7159.86,6575,6749.96,7097.37,102125.628
14-04-2020,6978,6749.47,6909.29,6749.56,73598.23703
15-04-2020,6933,6680.1,6748.23,6909.49,60379.17579
16-04-2020,7147.28,6468.27,7009.23,6748.49,114939.6647
17-04-2020,7190,6970.03,7033.59,7009.96,65149.84167
18-04-2020,7268.9,7014.4,7191.77,7033.94,50451.86187
19-04-2020,7293.08,7055.6,7147.12,7191.77,46593.68742
20-04-2020,7220,6825,6865.85,7147.13,77215.75642
21-04-2020,6940,6751,6877.36,6865.92,74002.5916
22-04-2020,7156.38,6818,7096.34,6877.4,60902.94103
23-04-2020,7738,7020,7539.79,7096.3,96481.81041
24-04-2020,7616.16,7388,7515.97,7539,67918.70958
25-04-2020,7705,7431.07,7529.64,7516.38,45272.9897
26-04-2020,7700,7480,7624.51,7529.67,46282.57276
27-04-2020,7792.02,7577.27,7709.12,7624.02,65523.72438
28-04-2020,7780,7659.12,7733.96,7709.11,48405.85756
29-04-2020,8952.89,7703.91,8624.97,7733.99,161227.9135
30-04-2020,9460,8401,8669.94,8624.1,211782.9481
01-05-2020,9059.18,8573.98,8733.45,8668.85,102700.999
02-05-2020,9010,8663.28,8866.72,8733.45,62413.65126
03-05-2020,9200,8712,8848.55,8867.08,87477.09671
04-05-2020,8955,8522,8845.4,8848.35,83323.68357
05-05-2020,9118.58,8760,8888.91,8845.39,77384.5052
06-05-2020,9380,8873.22,9234.58,8888.01,98743.21924
07-05-2020,9887,9021,9793.47,9234.58,130172.8537
08-05-2020,10067,9705,9888.94,9793.62,119193.4284
09-05-2020,10000.52,9520,9738.78,9888.94,84200.81843
10-05-2020,9773.09,8117,8487.43,9738.78,175322.3554
11-05-2020,9168,8200,8605.35,8487.43,162487.9267
12-05-2020,8978.26,8420.07,8897.89,8604.2,102841.3143
13-05-2020,9188,8730.06,9077.16,8897.89,80335.71019
14-05-2020,9939,9069.29,9677.21,9077.6,132926.8612
15-05-2020,9874.3,9256.12,9490.18,9677.97,108098.7182
16-05-2020,9588,9150,9286.87,9490.35,82415.40039
17-05-2020,9888,9268,9749.98,9286.96,64270.32637
18-05-2020,9950,9464.23,9657.86,9749.98,84724.61417
19-05-2020,9897.21,9474,9698.03,9657.86,78826.32959
20-05-2020,9842,9326,9531.82,9697.9,73871.06095
21-05-2020,9598,8815,8831.26,9531.83,99820.17345
22-05-2020,9271,8816.91,9200.25,8832.09,70925.27946
23-05-2020,9307.85,9070,9163.98,9200.25,43823.90783
24-05-2020,9298,8853.21,8941.99,9163.98,58944.32652
25-05-2020,9080.99,8642.72,8886.17,8941.04,71950.73825
26-05-2020,9017.67,8700,8810.99,8885.71,59141.2016
27-05-2020,9225,8760.2,9169.48,8810.99,67087.89619
28-05-2020,9537.8,9052.32,9425.97,9169.39,68919.84345
29-05-2020,9625.47,9330,9434.46,9426,67304.78089
30-05-2020,9600,9331.23,9530,9434.45,44176.62133
31-05-2020,9740,9400,9501.05,9530.01,55919.49348
01-06-2020,9619,9381.41,9579.7,9500.52,43790.99217
02-06-2020,10380,9266,9513.04,9579.97,141253.9672
03-06-2020,9646.43,9365.21,9596.31,9513.04,48249.62887
04-06-2020,9881.63,9450,9762.71,9597.12,57353.90293
05-06-2020,9860,9581,9739.77,9764.72,49412.21113
06-06-2020,9749.71,9531.05,9628.86,9740.79,33454.38589
07-06-2020,9729.74,9372.46,9531,9628.86,43087.35761
08-06-2020,9802,9515.85,9702.67,9531,54484.72351
09-06-2020,9877,9570,9703.09,9702.66,42623.16527
10-06-2020,9992.72,9681.94,9823.58,9703.77,45837.94311
11-06-2020,9964,9113,9315.16,9823.63,93004.47861
12-06-2020,9557.12,9230,9397.99,9315.26,57142.4587
13-06-2020,9488.15,9350,9443.5,9397.98,27153.37041
14-06-2020,9494.73,9311.02,9382.92,9443.5,27653.98083
15-06-2020,9449.9,8910.45,9418.47,9382.92,82713.66754
16-06-2020,9589,9373.09,9495.42,9417.62,58976.30859
17-06-2020,9565,9358,9401.93,9495.43,41425.94529
18-06-2020,9489,9236.61,9396.75,9402.35,38982.957
19-06-2020,9438.3,9215.79,9325,9396.75,48931.18986
20-06-2020,9380,9170.95,9312.51,9325,31301.83443
21-06-2020,9422,9285.28,9315.22,9312.54,25197.1231
22-06-2020,9629.34,9277.09,9581.62,9315.21,47894.62802
23-06-2020,9780,9541.05,9652.8,9582.14,50050.00322
24-06-2020,9670,9208,9309.34,9652.8,59522.14141
25-06-2020,9343.02,9009.69,9251.98,9309.04,55816.73256
26-06-2020,9340,9045.45,9141.2,9251.98,51962.9732
27-06-2020,9218,9055,9087.77,9141.11,32193.96356
28-06-2020,9191,8833,9153.5,9087.76,44954.82763
29-06-2020,9180,9024.67,9142.17,9153.63,39427.87691
30-06-2020,9238,9064.89,9131.11,9142.83,35686.04243
01-07-2020,9292,9080.1,9255.35,9131.11,37689.15988
02-07-2020,9270,8940,9066.11,9255.31,43942.57337
03-07-2020,9150,9030,9079.26,9066.12,31320.15267
04-07-2020,9190,9037.47,9139.82,9079.25,27014.21677
05-07-2020,9146.86,8980,9041.7,9139.35,29202.80315
06-07-2020,9349,8893.03,9294.34,9041.64,54949.36429
07-07-2020,9379.42,9220.04,9270,9294.33,36590.08573
08-07-2020,9470,9203,9413.87,9270,52454.53489
09-07-2020,9468,9160,9224.99,9413.88,52511.25217
10-07-2020,9253.9,9125,9219.5,9225,37973.73658
11-07-2020,9317.48,9178.25,9225.64,9219.86,25424.76395
12-07-2020,9345,9182,9218.54,9225.59,26390.19612
13-07-2020,9343.82,9157.5,9290.23,9218.54,40502.55889
14-07-2020,9290.23,9113,9249.4,9290.23,50311.47232
15-07-2020,9279.54,9160.57,9186.71,9249.4,37238.55286
16-07-2020,9237.27,9047.25,9125.19,9186.71,45307.77514
17-07-2020,9186.83,9089.81,9161.74,9125.19,29985.46723
18-07-2020,9219.3,9121.1,9183,9161.73,22065.17519
19-07-2020,9200,9101.35,9156.54,9183,21705.00111
20-07-2020,9232.27,9131,9180.48,9156.54,36074.70717
21-07-2020,9437.73,9141.19,9387.14,9180.52,61766.29337
22-07-2020,9392.82,9261,9366.1,9387.13,39186.82767
23-07-2020,9664,9357.4,9582.2,9366.09,62106.75439
24-07-2020,9610,9463.44,9580.01,9582.2,40549.76663
25-07-2020,9708.81,9513,9665.02,9580,40867.03392
26-07-2020,10111,9648.68,9917,9665.01,66926.76544
27-07-2020,10950,9840.9,10841.22,9917,122731.4456
28-07-2020,11394.86,10565,10915.36,10841.22,122596.2761
29-07-2020,11296.74,10812,11206.34,10915.36,71200.14673
30-07-2020,11342.82,10831,11089.7,11206.35,64570.88427
31-07-2020,11444,10960,11239.78,11089.7,68789.9711
01-08-2020,11745,11220,11665.22,11239.79,80160.79172
02-08-2020,12123.46,10518.5,11229.05,11665.22,105307.9087
03-08-2020,11473,10936,11416.12,11228.95,54988.05822
04-08-2020,11416.11,11000,11219.67,11416.04,61285.64389
05-08-2020,11715,11093,11657.73,11219.68,69745.00309
06-08-2020,11878.26,11505,11845.93,11657.73,65193.75818
07-08-2020,11909.94,11322,11479.73,11845.93,68306.84824
08-08-2020,11808.27,11457.87,11685.31,11479.73,43130.79764
09-08-2020,11797.11,11521.97,11634.34,11685.3,42841.03
10-08-2020,12067.35,11450,11873.58,11634.34,82447.24974
11-08-2020,11935,11285,11449.23,11873.59,79686.03804
12-08-2020,11617.52,11125,11511.99,11449.23,76880.10016
13-08-2020,11656.99,11270.36,11488.53,11511.99,61358.6659
14-08-2020,11850,11483.58,11823.24,11489.21,68965.09211
15-08-2020,11980,11680,11879.26,11823.24,52534.9392
16-08-2020,11977,11686,11832,11879.27,46497.00124
17-08-2020,12468,11769.78,12306.64,11832,78619.62805
18-08-2020,12406.86,11817.93,11978.18,12306.64,78324.33782
19-08-2020,12087,11612.71,11738.48,11978.19,71962.28402
20-08-2020,11888,11561,11859.68,11738.12,51105.56113
21-08-2020,11880,11605.42,11671.21,11859.69,57717.25723
22-08-2020,11719.24,11376.81,11602.53,11671.2,51317.05318
23-08-2020,11688.81,11514.13,11663.79,11602.53,37452.50195
24-08-2020,11824.9,11585.09,11734.76,11663.79,46691.02804
25-08-2020,11790,11117.64,11296.28,11734.77,65775.46049
26-08-2020,11539.32,11221.03,11445.21,11296.28,57268.84354
27-08-2020,11592.2,11125,11256.9,11445.21,63250.63351
28-08-2020,11542.65,11223.94,11481.65,11256.91,47487.56881
29-08-2020,11580.02,11417.04,11526.66,11481.65,33429.93986
30-08-2020,11685,11458,11651.04,11526.66,40246.46121
31-08-2020,11800.77,11570,11716.05,11651.04,54326.76515
01-09-2020,12050.85,11515,11983.57,11716.05,74490.89191
02-09-2020,12050,11160.1,11389,11983.56,90788.22969
03-09-2020,11462.6,10460,10650.11,11389,104901.5983
04-09-2020,10794.62,9875.5,10516.65,10650.1,107575.9878
05-09-2020,10627.05,9825,10156.73,10516.64,81251.13628
06-09-2020,10300,9875,10236.74,10156.72,66524.08712
07-09-2020,10347.14,9875,10172.36,10236.75,61782.84637
08-09-2020,10438,9920.32,9980.87,10172.36,68384.34322
09-09-2020,10336.7,9850,10326.38,9982.45,56860.93114
10-09-2020,10483.35,10070.83,10282.61,10326.39,58696.57784
11-09-2020,10380.34,10200,10313.15,10282.61,44974.70996
12-09-2020,10477.97,10269.25,10451.99,10313.15,35758.02387
13-09-2020,10580.11,10200,10257.34,10452,44877.42939
14-09-2020,10750,10212.34,10674.98,10257.13,64347.52429
15-09-2020,10930.04,10606.48,10784.22,10674.98,60349.81504
16-09-2020,11093,10661.22,11010.29,10784.22,66015.48556
17-09-2020,11047.84,10745.83,10905.26,11010.29,56302.14258
18-09-2020,11038.03,10812.84,10861.63,10905.25,48302.22363
19-09-2020,11179.79,10842.3,11048.11,10861.63,40391.09824
20-09-2020,11087.99,10723,10891.25,11048.12,36907.29745
21-09-2020,10988.86,10296.35,10444.05,10891.25,68503.75125
22-09-2020,10533.46,10353,10489.25,10444.02,46314.75853
23-09-2020,10572.71,10380.47,10409.14,10489.25,40459.04754
24-09-2020,10743.59,10136.82,10612.61,10409.14,65827.68192
25-09-2020,10795.24,10556.24,10705.38,10612.62,51852.67049
26-09-2020,10820.94,10644.68,10729.9,10705.38,30907.4563
27-09-2020,10799,10594.82,10714.2,10729.9,30496.75172
28-09-2020,10950,10700.73,10871.96,10714.2,45463.71636
29-09-2020,10888.59,10626,10727.75,10871.96,43265.65348
30-09-2020,10867.54,10665.13,10731.1,10728.23,40774.0006
01-10-2020,10920,10437,10586.5,10731.08,58779.48863
02-10-2020,10664.64,10374,10553.11,10586.5,52484.34938
03-10-2020,10603.56,10463.02,10574.06,10553.1,23943.41852
04-10-2020,10649,10517.87,10630,10574.11,21883.0983
05-10-2020,10777.37,10615.64,10716.35,10630,34014.73057
06-10-2020,10800,10578.99,10602.77,10716.35,43270.42107
07-10-2020,10667.43,10525,10664.11,10602.78,39743.82705
08-10-2020,10945,10530.41,10871.13,10663.97,49888.71336
09-10-2020,11104.64,10829,11047.02,10871.13,48398.01484
10-10-2020,11491,11012.19,11363.33,11047.02,44448.55021
11-10-2020,11445,11262.25,11408.86,11363.33,27510.14675
12-10-2020,11590,11172,11548.69,11408.87,48609.61514
13-10-2020,11720.01,11300,11378.13,11548.6,47899.55028
14-10-2020,11547.98,11280,11333.77,11378.14,40903.80566
15-10-2020,11486.28,11250.83,11467.21,11333.77,42819.24199
16-10-2020,11617.34,11200,11363.28,11467.14,55302.22012
17-10-2020,11402.42,11255,11346.87,11363.28,24535.82164
18-10-2020,11482.24,11325,11440,11346.88,22178.76569
19-10-2020,11823.99,11407.96,11669.56,11440.01,44726.79576
20-10-2020,12038.38,11660.47,11964.59,11669.82,59682.18796
21-10-2020,12899.99,11855,12761.61,11964.58,93995.28861
22-10-2020,13217.68,12617.48,13042.48,12761.61,83843.81478
23-10-2020,13185,12720.08,12852.97,13042.49,58978.96091
24-10-2020,13166.73,12839.12,13103.66,12852.97,38496.68762
25-10-2020,13350,12888,12985.58,13103.81,39006.9738
26-10-2020,13238.81,12765,12963.25,12985.59,57881.17869
27-10-2020,13745,12920.7,13633.93,12963.24,74245.97652
28-10-2020,13859.48,12888,13209.86,13633.93,98400.20222
29-10-2020,13642.91,12920.77,13557.67,13209.87,73768.26503
30-10-2020,13669.98,13115,13524.51,13557.67,72181.34254
31-10-2020,14100,13411.5,13717.1,13524.51,69876.89009
01-11-2020,13895,13603,13791.89,13717.11,35957.6191
02-11-2020,13864,13195.05,13458.26,13791.88,63483.70732
03-11-2020,13798,13284.99,13741.22,13458.27,66221.10214
04-11-2020,14259,13525,14086.71,13741.22,95213.15648
05-11-2020,15300,13931.64,14938.94,14086.72,129460.9129
06-11-2020,15960,14900,15459.86,14938.47,134075.5591
07-11-2020,15753.52,14707,14927.95,15459.85,82468.46217
08-11-2020,15650,14344.22,15528.01,14927.96,88884.49647
09-11-2020,15840,14805.54,15317.51,15528,106347.9564
10-11-2020,15492.67,15072.46,15266.23,15317.5,68193.54667
11-11-2020,15965,15257.53,15811.66,15266.23,73148.40296
12-11-2020,16199,15440.64,16097.49,15811.65,99445.33794
13-11-2020,16480,15952.35,16246.7,16097.5,83748.19522
14-11-2020,16355,15670,15898.27,16246.69,60373.08498
15-11-2020,16180,15845.67,15904.74,15898.5,43193.06406
16-11-2020,16765,15774.72,16690.85,15904.74,72165.63658
17-11-2020,17858.82,16538,17638.37,16690.86,113874.923
18-11-2020,18476.93,17214.45,17775.92,17638.14,150310.1785
19-11-2020,18179.8,17335.65,17934.02,17775.91,95971.31349
20-11-2020,18815.22,17681.36,18582.33,17934.01,91702.73678
21-11-2020,18965.9,18308.58,18735.47,18582.32,75228.41505
22-11-2020,18770,17610.86,18504.89,18735.47,80705.92094
23-11-2020,18766,18000,18346.23,18504.89,83385.23652
24-11-2020,19418.97,18018,19254.42,18346.23,109914.3982
25-11-2020,19484.21,18625,19056.67,19254.42,87755.73595
26-11-2020,19125,16188,16531.73,19056.68,177913.8239
27-11-2020,17457.62,16300,16781.22,16532.35,95170.01387
28-11-2020,17772.09,16634.34,17729.99,16781.22,67059.26609
29-11-2020,18250,17517,18118.27,17730,56643.64276
30-11-2020,19863.16,18008.12,19175.78,18118.27,108954.4713
01-12-2020,19888,18001.12,18738.82,19175.87,132850.3475
02-12-2020,19342,18330,19011.99,18738.83,78646.57655
03-12-2020,19598,18867.2,19371.46,19011.97,67448.7892
04-12-2020,19540,18686.38,19056.45,19371.46,66973.05768
05-12-2020,19177,18500,19116.3,19056.45,50296.244
06-12-2020,19342,18857,19105.21,19116.65,33629.55686
07-12-2020,19420.91,18902.88,18939.7,19105.2,43127.54717
08-12-2020,19294.84,18610,18831,18938.51,51409.7474
09-12-2020,18895,17650,18196.4,18831,85181.77582
10-12-2020,18639.57,17911.12,18274.75,18196.41,56181.75515
11-12-2020,18435.74,17572.33,18044.26,18274.74,71091.39851
12-12-2020,18746.33,17925.37,18687.62,18044.26,48666.8746
13-12-2020,19411,18687.63,19185.33,18687.63,59434.26808
14-12-2020,19347,18971,19236.75,19185.33,47182.0875
15-12-2020,19570,19050,19530,19236.75,59696.52183
16-12-2020,20865.43,19276,20585.79,19529.99,97921.98632
17-12-2020,23800,20550,23250.27,20585.79,181999.9034
18-12-2020,23497,22311.1,22781.44,23251.16,97165.10515
19-12-2020,24171.47,22626.81,23822.66,22781.44,85788.17979
20-12-2020,24065.41,23060,23866.69,23822.66,64724.44509
21-12-2020,24295,21815,22813.66,23866.68,98825.97005
22-12-2020,23628.89,22353.4,23435.27,22813.65,85830.89516
23-12-2020,24100,22810,23605.07,23435.27,110220.44
24-12-2020,23625,22600,23313.35,23605.08,78470.33184
25-12-2020,24681,23250.18,24356.31,23314.23,79717.43815
26-12-2020,26000,24198.6,25619.24,24356.31,82042.81451
27-12-2020,28422,25590,27061.41,25619.24,153300.1394
28-12-2020,27500,25700,27023.55,27062.67,90043.53808
29-12-2020,27196.09,25880,26591.29,27022.83,69506.60507
30-12-2020,28598.74,26505.94,28510.86,26591.38,90670.42507
31-12-2020,29300,27850,28872.25,28510.86,84502.94973
01-01-2021,29600,28624.57,29072.7,28872.24,57339.45866
02-01-2021,33300,28880.37,32999.98,29072.7,96532.3774
03-01-2021,34778.11,30300,32769.76,32999.98,143681.4502
04-01-2021,33861.92,28130,31165.16,32769.79,143368.7407
05-01-2021,33433.55,29900,33372.84,31165.16,103785.7648
06-01-2021,35766.58,33098.82,35215.75,33372.83,122443.1261
07-01-2021,40365,34280,38948.48,35215.75,137908.3498
08-01-2021,41950,36500,39920.39,38907.58,141605.3813
09-01-2021,41380,38652,40650.01,39920.67,88272.74653
10-01-2021,41350,37200,38109.68,40650,91701.05217
11-01-2021,39000,30420,32562.1,38106.11,250295.9096
12-01-2021,36628,31215,35040.78,32562.1,150938.5984
13-01-2021,35901,32380,35719.36,35040.78,119156.0819
14-01-2021,40100,35577.55,39344.79,35719.36,111823.1232
15-01-2021,39935.1,34408,35421.55,39344.8,118483.0034
16-01-2021,37950,34801.15,36484.95,35421.56,86544.48019
17-01-2021,36800,33850,35678.67,36484.95,86033.22073
18-01-2021,37469.83,34800,35755.62,35676.58,74615.92677
19-01-2021,37850,35695.7,36500,35755.62,74724.89816
20-01-2021,36800,33400,35250.61,36500,92460.6099
21-01-2021,35670,31037,31742.68,35250.39,116687.5307
22-01-2021,33322,28850,33277.32,31744.26,155795.2885
23-01-2021,33826.53,31390.16,32167.48,33275.67,71993.02191
24-01-2021,33071,31500,31831.67,32169.92,53101.07239
25-01-2021,34875,30900,33672.46,31831.66,84842.60954
26-01-2021,33788.38,30837.37,32224.5,33669.27,90183.24182
27-01-2021,32921.88,29241.72,29709.79,32222.88,87659.91681
28-01-2021,32670,29712.94,32633.68,29719.93,90880.26196
29-01-2021,38531.9,31915.4,35202.46,32633.69,221715.6148
30-01-2021,35357.14,32825,34340,35204.22,106386.2299
31-01-2021,34800,32171.67,32450.3,34340,66279.9688
01-02-2021,34717.27,32296.16,33731.52,32449.53,88151.64147
02-02-2021,35668.1,33418,35264.21,33739.52,72023.68046
03-02-2021,37221.42,35090.91,37114.14,35264.66,80899.68047
04-02-2021,38708.27,36161.95,37141.96,37116.47,92617.40358
05-02-2021,38310.12,36570,37406.23,37143.44,69652.28194
06-02-2021,40955.51,37230,40276.41,37405.63,92008.36242
07-02-2021,40469.19,37351,38239.1,40276.41,88860.74066
08-02-2021,44918,37660.97,42673.49,38239.37,118601.9659
09-02-2021,48142.19,42644.49,47012.77,42673.49,134145.5825
10-02-2021,47499.43,43727,45088.17,47012.77,97916.90162
11-02-2021,48399,43994.02,47653.14,45088.16,82879.34063
12-02-2021,48985.8,46125,47269.25,47653.15,93562.16745
13-02-2021,48150,46202.53,46792.05,47268.27,67761.19336
14-02-2021,49707.43,46653.58,48739.99,46790.39,72583.68769
15-02-2021,49300,45570.79,48358.99,48739.99,76441.30419
16-02-2021,50689.18,47003.62,48616.79,48361,91102.888
17-02-2021,51780,48173.81,51430.59,48616.79,81713.58552
18-02-2021,52618.74,50901.9,51862.85,51430.59,65082.30451
19-02-2021,55435.96,50710.2,55384.46,51860.4,69748.10572
20-02-2021,57700.46,54583.95,57115.24,55384.46,83229.74357
21-02-2021,58300,53863.93,58183.69,57118.09,64055.79719
22-02-2021,58352.8,47622,53227.23,58183.69,130586.187
23-02-2021,54989.46,44892.56,46881.49,53227.23,165180.0013
24-02-2021,51374.99,45251,49570,46872.77,97092.75073
25-02-2021,52041.73,48028.18,49544.14,49570,75514.85803
26-02-2021,50000,44106.78,47317.09,49543.04,113848.0766
27-02-2021,48394,45000,47136.3,47317.09,68689.13267
28-02-2021,47557.14,43000,43677.39,47136.29,83392.55101
01-03-2021,49469.99,43434.22,48465.27,43683.79,86243.55254
02-03-2021,50200,47200,47678.38,48465.27,66487.56176
03-03-2021,52640,47047.6,51233.11,47678.38,81466.01026
04-03-2021,51773.88,47588.52,47600.01,51233.11,81124.13129
05-03-2021,48728.21,46300,48478.11,47600,78112.18915
06-03-2021,49448.93,47070,48473.3,48478.12,47725.87808
07-03-2021,51352.1,48223.36,50412.31,48473.3,54149.17314
08-03-2021,51847.38,49274.67,50803.18,50412.31,62843.23738
09-03-2021,54815.84,50790,53885.96,50803.19,76142.1612
10-03-2021,57100,53005,56730.54,53885.96,76488.80381
11-03-2021,57682,54272.82,57519.86,56730.55,83915.75228
12-03-2021,58150,54962.84,57349.23,57519.86,76569.85399
13-03-2021,60520,56078.23,60281.95,57349.24,78268.2668
14-03-2021,61844,59300,60138.31,60281.95,60502.26483
15-03-2021,60750,54600,56113.9,60138.31,101343.775
16-03-2021,56940,53271.34,55349.99,56113.9,78658.78812
17-03-2021,57576.28,54123.69,57575.51,55349.99,62932.04797
18-03-2021,60129.97,57329.44,58221.01,57575.51,73213.21751
19-03-2021,59249.5,56270.74,58800,58221.02,54917.47944
20-03-2021,59880,57820.17,59173.03,58800,44668.67683
21-03-2021,59424.73,55450.11,57365.08,59173.03,49154.0172
22-03-2021,58430.73,56191.19,56494.11,57365.08,48372.13783
23-03-2021,56561.6,53000,55364.69,56492.91,71223.95155
24-03-2021,57200,53511.39,55378.91,55364.68,65498.55986
25-03-2021,55571.12,50427.56,52236.72,55380.64,103840.1042
26-03-2021,54060.24,51214.6,53682.52,52225,64553.40932
27-03-2021,56271,53528.35,55728.93,53682.51,52683.16115
28-03-2021,56700.36,55159.17,55192.08,55728.92,40025.57959
29-03-2021,58405.82,54691.84,57819.99,55192.08,66873.52738
30-03-2021,59368,57071.35,58853.02,57820,57092.40548
31-03-2021,59800,56769,59299.45,58853.02,57368.18035
01-04-2021,59567.28,57935.45,58716.56,59304.45,51460.54023
02-04-2021,60200,58455.1,59087.7,58716.56,46119.85019
03-04-2021,59791.72,57707.7,58455.36,59087.71,42937.76807
04-04-2021,58748.76,56388,58102.92,58455.36,47901.89221
05-04-2021,59272,56777.77,58876.29,58102.91,51169.17011
06-04-2021,59495.24,57413.02,58238.78,58876.3,55231.19354
07-04-2021,58655,55612,55859.13,58238.78,69953.60653
08-04-2021,58153.31,55473,57899.98,55859.13,47610.89647
09-04-2021,58894.9,57449.04,58381.84,57899.98,40648.73432
10-04-2021,61500,57873.31,60020,58381.85,65187.40131
11-04-2021,60699,58374.61,59865,60020,44654.65344
12-04-2021,61300,59350.59,59988.95,59865.01,56337.26209
13-04-2021,63777.77,59759.05,62641.77,59988.94,81609.87
14-04-2021,64854,61568,62119.26,62641.77,78805.61423
15-04-2021,63491.45,61301,62733.84,62119.26,51445.44959
16-04-2021,63800,60000,61817.56,62733.84,93929.25181
17-04-2021,62506.05,59580.91,60379.99,61817.55,61670.9979
18-04-2021,60955,50931.3,55473.86,60380,120393.9654
19-04-2021,57526.81,54221.58,55635.03,55473.85,80852.21639
20-04-2021,56600,53329.96,56253.81,55635.03,68361.37299
21-04-2021,57076.24,54276.85,55306.35,56254.98,65155.42705
22-04-2021,55738.14,52561,53372.69,55306.34,89979.88366
23-04-2021,53550,47500,50563.59,53372.69,149407.742
24-04-2021,51301.34,48657.14,50562.06,50563.59,61515.37425
25-04-2021,51000,49161.94,49622.7,50562.05,41337.7064
26-04-2021,54356.62,46930,54245.87,49622.7,94363.32322
27-04-2021,55300,52600.36,54960.01,54245.87,62631.55448
28-04-2021,55738,53813.16,54933.76,54960.01,49468.05008
29-04-2021,56428,52476.69,52928.54,54933.75,57985.59814
30-04-2021,57385,52330.94,56857.47,52935.72,65562.15381
01-05-2021,58458.07,56374.21,57610.52,56857.48,46821.12047
02-05-2021,57998.97,56035.25,56840.45,57610.51,36804.68175
03-05-2021,58981.44,56212,57764.42,56840.44,52823.96924
04-05-2021,57764.43,53201.01,54524.76,57764.42,85837.47561
05-05-2021,58069.82,52900,57301.55,54522.62,75901.03756
06-05-2021,58360,55450,55753.57,57301.56,68550.45914
07-05-2021,58650,55200,57890.03,55752.54,75373.04937
08-05-2021,59438.64,56749.75,59060.57,57890.02,72661.64365
09-05-2021,59500,56235.66,57439.39,59060.57,68612.75181
10-05-2021,59500,56388.26,56771.88,57441.61,73842.59666
11-05-2021,56977.48,53400,56383.66,56771.87,83502.06314
12-05-2021,58000.01,53576.3,54082.52,56383.66,71849.32933
13-05-2021,54751.92,46000,47844.04,54082.52,164266.9581
14-05-2021,51483,47832.38,50470.07,47844.04,85460.56652
15-05-2021,50700,47399.3,47890.07,50470.89,84705.82802
16-05-2021,49795.89,45333.34,45380.56,47890.72,92605.5108
17-05-2021,46686,42001,43473.22,45409.99,181084.6595
18-05-2021,45799.29,42371.96,42800.01,43471.48,123255.8414
19-05-2021,43621,30000,37961.02,42800.01,326604.3543
20-05-2021,42451.67,34850,39811.84,37961.01,227405.1804
21-05-2021,42200,36100,37159.65,39808.32,171226.115
22-05-2021,38829,33488,37646.26,37159.65,163484.8237
23-05-2021,38400,31111.01,32529.81,37647.3,205346.2446
24-05-2021,38637.7,32203.87,37911.79,32539.08,159092.8981
25-05-2021,39920,36419.62,37884.91,37911.73,128652.1578
26-05-2021,40841,37011,38626.63,37884.9,102960.0034
27-05-2021,40411.14,37134.27,39089.57,38626.64,89470.86954
28-05-2021,39187.35,35100,36190.92,39094.18,121392.9013
29-05-2021,37338.58,33632.76,34070.98,36190.91,121443.668
30-05-2021,36488,33379,36125.54,34069.35,82519.6483
31-05-2021,37457.07,34153.84,36694.27,36125.54,93397.16158
01-06-2021,37894.81,35666,36240.69,36694.27,80400.96817
02-06-2021,38225,35726.36,38016.41,36240.46,69634.17881
03-06-2021,39476,37170,38553.01,38016.41,74510.22016
04-06-2021,39450,35555.15,37099.27,38553,91839.77424
05-06-2021,37925,35250,36040.12,37099.28,64362.64642
06-06-2021,36480,34800,35890,36040.12,53231.97871
07-06-2021,36900,35222,35486.9,35889.99,59397.71422
08-06-2021,35744.52,31000,32735.9,35484.57,133569.0086
09-06-2021,37000,32396.82,35886.37,32735.9,134321.9097
10-06-2021,38491,35650.16,36754.07,35886.37,113490.778
11-06-2021,37680.4,35782,37176.73,36754.06,80239.57283
12-06-2021,37498.58,34600.36,35892.62,37176.73,93646.26029
13-06-2021,37628.23,34757,37493.87,35892.63,66168.39166
14-06-2021,41064.05,37270,39732.81,37493.87,122249.3023
15-06-2021,41330,39323.1,40598.57,39732.82,79326.98702
16-06-2021,40724.35,38301.68,38709.35,40598.57,91282.15234
17-06-2021,39559.88,37505,37749.76,38709.35,79290.04671
18-06-2021,38258,35129.29,35289.53,37749.75,93489.98487
19-06-2021,36457,34803.52,35509.89,35289.52,74345.60692
20-06-2021,36200,33336,34940.45,35509.89,81641.35123
21-06-2021,36137.72,31710,32782.47,34940.45,158611.8738
22-06-2021,33298.78,28805,32986.4,32782.46,212581.5794
23-06-2021,34881,31683,33292.58,32986.41,130690.7679
24-06-2021,35298,32286.57,34884.14,33292.57,92851.68816
25-06-2021,35500,31500,32088.12,34884.14,107544.4966
26-06-2021,32730,30151,31590.27,32088.13,113702.7451
27-06-2021,33574.32,30905.78,32720.01,31590.27,87059.84681
28-06-2021,35297.71,32357.13,34168.22,32720.01,94137.63914
29-06-2021,36600,34108.61,36280.85,34168.21,88892.77506
30-06-2021,36488.7,34017.55,34821.99,36280.85,74505.3909
01-07-2021,35194.04,33001,33325.5,34821.99,74361.17174
02-07-2021,33977.04,32699,33290.01,33325.49,60139.98784
03-07-2021,34945.61,33041.65,34645.85,33288.79,43104.12971
04-07-2021,35727,34250.48,35510.38,34645.85,42448.80644
05-07-2021,35967.85,33125.55,33982.02,35510.39,64576.42161
06-07-2021,35118.88,33532,33841.37,33982.03,60210.32308
07-07-2021,35059.09,33628.81,34681.41,33844.92,51589.95422
08-07-2021,34748.37,32077,32840.91,34681.41,70428.05991
09-07-2021,33696.4,32261.07,33382.03,32840.92,48801.50406
10-07-2021,34262,33223.31,33466.71,33382.02,36194.69134
11-07-2021,34123.08,33004.78,33960,33466.71,28007.1829
12-07-2021,34678.43,32890.43,33010.24,33960,47448.27663
13-07-2021,33358.17,32280,32479.99,33010.27,43775.16776
14-07-2021,33114.03,31550,32743.96,32480,48925.43944
15-07-2021,33185.25,31133,31455.11,32743.96,49011.19533
16-07-2021,32249.18,31020,31956.38,31455.12,49536.2433
17-07-2021,32084.82,31164.31,31735.04,31956.39,35583.87192
18-07-2021,32435,31108.97,31604.51,31735.03,35515.34819
19-07-2021,31943,30407.44,30652.95,31604.51,47076.40685
20-07-2021,31063.07,29278,29777.84,30652.95,59378.74476
21-07-2021,32858,29482.61,31786.71,29777.83,75666.94045
22-07-2021,32591.35,31516.3,32278.1,31783.78,55184.37119
23-07-2021,32915,31924.32,32129.99,32278.1,40221.42894
24-07-2021,34500,32124.72,34281.87,32129.99,55574.25223
25-07-2021,34800,33667.01,34407.13,34281.88,44898.33706
26-07-2021,39999.99,34185.23,39709.16,34407.12,122788.1995
27-07-2021,40550,36383,37908.23,39709.17,113100.7432
28-07-2021,40900,37745.14,40440.99,37908.23,103775.8205
29-07-2021,40680.07,39200,39527.06,40440.99,58591.713
30-07-2021,40419.3,38313.23,39083.48,39527.07,51402.11662
31-07-2021,42448,39060,41376.12,39083.48,66996.1649
01-08-2021,42599,40714.28,41080.73,41376.11,46946.09456
02-08-2021,41500,38907.51,39637.87,41080.73,56127.37612
03-08-2021,39783.72,37642.03,38194.23,39637.87,60232.16788
04-08-2021,39800,37508.56,39575.1,38194.22,51246.95274
05-08-2021,40987,37332.7,40840,39575.1,78710.96325
06-08-2021,43392.43,39853.86,42792.95,40840.01,80182.03236
07-08-2021,44555,42393.02,43542,42792.95,70160.85989
08-08-2021,45310,43396.35,43627.13,43542,71115.24578
09-08-2021,46454.15,42779,46193.99,43619.54,69983.58533
10-08-2021,46700,44589.46,45300.95,46193.99,61256.26626
11-08-2021,46743.47,45233.9,46302.83,45300.95,49858.34232
12-08-2021,46680,43770,44423.82,46302.83,59628.6901
13-08-2021,46666,43855.88,46510.58,44423.81,41567.59943
14-08-2021,48144,45971.03,46727.56,46510.58,53086.90021
15-08-2021,47374.67,45500,46281.82,46725.2,40124.09245
16-08-2021,48053.83,45951.73,46481.53,46281.82,51940.83632
17-08-2021,47160,45239.45,45760.53,46481.52,50247.96096
18-08-2021,46000,44203.28,45401.4,45760.54,60236.27263
19-08-2021,46757.01,43927.7,46562.83,45401.4,54461.04539
20-08-2021,49096.34,46340.12,48458,46562.83,57191.81747
21-08-2021,49757.04,48222,49457.59,48458,48488.54119
22-08-2021,49500,48050,48373.53,49457.59,36102.15367
23-08-2021,50500,48239.03,49459.11,48373.53,51977.95171
24-08-2021,49860,47749.1,48182.07,49459.1,51884.92953
25-08-2021,49062.2,47126.28,48924.64,48182.06,45930.25496
26-08-2021,49352.84,46250,47001.46,48924.64,49561.2133
27-08-2021,48451.51,46348,48325.48,47001.47,40298.16023
28-08-2021,49299,48155,48788.99,48325.49,30291.98181
29-08-2021,49632.27,47762.54,48747.07,48788.98,30909.48435
30-08-2021,49385.42,47370,48496.98,48747.08,34827.88069
31-08-2021,48696.87,46700,47305.48,48496.99,53106.57131
01-09-2021,49156,46512,48659.31,47305.47,47160.57185
02-09-2021,50450.13,48000,49371.96,48659.31,58371.24565
03-09-2021,51000,48316.84,50458.79,49373.25,57328.81063
04-09-2021,50541.66,49370,49879.01,50458.79,36575.5674
05-09-2021,50500,49450,50355,49879.02,31575.84622
06-09-2021,52188.8,50355,51833.37,50355.01,52810.57549
07-09-2021,52920,42843.05,46922.02,51833.38,120277.0548
08-09-2021,47340.99,44412.02,46496.7,46922.02,69038.2514
09-09-2021,47399.97,45513.08,46632.42,46496.7,53697.39488
10-09-2021,47033,44738.9,45708.78,46632.41,45618.89682
11-09-2021,45987.93,44132.29,45647.33,45708.79,34618.10546
12-09-2021,46270.56,44742.06,45896.63,45647.34,28833.84549
13-09-2021,46880,43370,44705.37,45896.64,67624.67162
14-09-2021,46950,44594.44,46507.9,44707.85,42953.12889
15-09-2021,48429.87,46376.99,48029.34,46507.9,45697.76649
16-09-2021,48557,47211.35,47655.99,48027.85,40704.29208
17-09-2021,48150,46750.47,47195.51,47655.99,33793.7442
18-09-2021,48843.2,46699.56,48296.05,47195.5,32101.37075
19-09-2021,48372.83,47069.01,47659.39,48296.05,29498.90399
20-09-2021,47749.99,42500,43406.62,47659.4,71126.66442
21-09-2021,43968.67,40200,42196.41,43406.61,71401.81895
22-09-2021,44000.55,39600,43134.05,42196.41,76351.39848
23-09-2021,44936.77,42855.01,44735.46,43134.06,48795.24873
24-09-2021,45200,40675,42152.07,44735.47,83713.69948
25-09-2021,43200,41646.28,42581.83,42152.07,38147.66347
26-09-2021,43746.9,40750,43190.81,42581.82,46309.17613
27-09-2021,44350,42673.67,43033.61,43190.82,39404.28169
28-09-2021,43400,41115,41578.38,43033.61,44764.18491
29-09-2021,42590,40753.88,41306.78,41578.38,34072.15762
30-09-2021,44044.23,40900,43994.08,41306.78,45984.43941
01-10-2021,47928,43100,47724.18,43994.08,62888.61571
02-10-2021,48495,47430.18,47864.02,47724.17,34257.21673
03-10-2021,49228.08,47088,48822.03,47864.01,29340.8904
04-10-2021,49536.12,46891,49318,48822.03,44751.65034
05-10-2021,50777,48556.09,50612.44,49318,47757.4714
06-10-2021,55555,50382.41,54527.82,50612.45,82933.76849
07-10-2021,55750,53357,53895.9,54527.82,59215.2232
08-10-2021,56100,53607.27,54501,53895.9,46315.62
09-10-2021,55489,53661.67,54900,54500.99,48958.867
10-10-2021,56074.43,54080,55312.65,54897.24,77582.91703
11-10-2021,57768.36,54333.85,57343.26,55312.65,69206.03404
12-10-2021,57839.04,55523.25,55575.27,57343.26,47580.76792
13-10-2021,57242,53879,56976.38,55575.28,59203.37633
14-10-2021,58532.54,56607.27,58029.33,56979.99,47582.11032
15-10-2021,61880,56818.05,61649.97,58029.33,71044.79841
16-10-2021,62933,60150,61055.65,61649.97,48809.81457
17-10-2021,61465.9,60299.33,60976.09,61055.65,26670.2128
18-10-2021,62695.78,58963,61850.01,60976.08,61373.65134
19-10-2021,63628.65,61034.05,63429.96,61850,47688.36921
20-10-2021,67000,63398.2,66644.01,63429.97,56279.98451
21-10-2021,66700,62000,62737.67,66644,66964.42517
22-10-2021,63732.39,60000,60638.65,62737.67,55803.35753
23-10-2021,61747.64,59562.15,61311.14,60638.66,29753.52293
24-10-2021,61500,59510.63,60114.62,61311.14,29033.36196
25-10-2021,63710.63,60086.7,63126.75,60114.62,37925.86319
26-10-2021,63329.48,61800,62326.59,63126.76,31886.73418
27-10-2021,62367.76,58000,58729.91,62326.59,65424.32261
28-10-2021,61800,57820,60126.36,58729.91,55751.69375
29-10-2021,62980,59534.8,62080.68,60126.36,54138.08009
30-10-2021,62718.87,60673,61560.91,62089.8,29961.02046
31-10-2021,62405.3,59945.36,60705.62,61560.91,40752.16761
01-11-2021,62437.74,59405,60555.01,60705.62,42938.31992
02-11-2021,64270,60322.67,63250.01,60555.01,45926.80352
03-11-2021,63670.97,60382.76,63149.04,63250.01,43732.05148
04-11-2021,63333,60723,60739.25,63149.05,38085.78865
05-11-2021,62595.72,60677.01,61195.59,60732.34,31743.7483
06-11-2021,61560.49,60050,60757.61,61195.58,26079.45457
07-11-2021,62499.44,60741.25,62435.84,60757.62,23621.3989
08-11-2021,66538.53,62120.68,65913,62435.84,49612.56471
09-11-2021,68524.25,65500,66520.37,65913,48739.54505
10-11-2021,69000,65888,67792.81,66520.38,43084.4366
11-11-2021,68013.64,62822.9,64746,67790.44,62043.85785
12-11-2021,65450.7,62278,63872.36,64746,42796.53409
13-11-2021,65000,63360.22,64134.69,63872.36,25011.94475
14-11-2021,65320,63576.27,64028.34,64134.68,22211.13544
15-11-2021,66401.82,63624.54,63812.79,64028.34,38165.04488
16-11-2021,64320.33,58574.07,59900.01,63812.79,74558.42645
17-11-2021,61199.65,58373,60470.65,59900.01,49605.5423
18-11-2021,60976,56592.06,57996.84,60470.65,57328.65815
19-11-2021,58484.94,55600,57879.47,58004.08,55920.93468
20-11-2021,59625,57353,59411.47,57879.46,33331.90793
21-11-2021,60029.76,58486.65,59436.01,59411.47,31976.53777
22-11-2021,59696.69,56404.66,56440.81,59436.02,46313.79217
23-11-2021,58009.99,55317,57421.01,56440.81,55066.17318
24-11-2021,57854.39,55837,56799.99,57421,38499.4009
25-11-2021,59390,56571.42,59116.69,56799.98,43652.75443
26-11-2021,59398.9,53500,54081.76,59116.7,65366.40809
27-11-2021,55280,53521,54976.9,54081.76,30506.0692
28-11-2021,55065,53256.64,54108.99,54976.9,29037.60088
29-11-2021,58865.97,54044.98,58633.12,54108.99,45356.32149
30-11-2021,59176.99,55875.55,58319.92,58633.12,50659.48642
01-12-2021,59053.55,56630,57461.32,58319.92,42008.8343
02-12-2021,57693,55777.77,56719.45,57461.32,40923.73546
03-12-2021,57600,54451.11,54881.62,56719.46,41015.11664
04-12-2021,54910,42000.3,48866.12,54881.63,127305.6991
05-12-2021,49699.05,47727.21,49089.18,48866.13,48851.88596
06-12-2021,49546.69,47100,49174.27,49089.19,54607.21245
07-12-2021,51936.33,48760,50921.61,49174.26,42027.70176
08-12-2021,51204.77,48600,50548.7,50921.61,40063.56745
09-12-2021,50896.08,47500,47753.24,50548.71,35564.38759
10-12-2021,50125,47251.06,47822.77,47751.87,45050.8705
11-12-2021,49276,46751,48671.6,47822.76,31564.81604
12-12-2021,50777,48385.98,50468.71,48671.6,25792.61177
13-12-2021,50600,46653,47444.56,50468.71,37763.44326
14-12-2021,47959.77,45672.75,46646.68,47444.55,48787.91227
15-12-2021,48850,46547,47829.99,46646.68,40002.93698
16-12-2021,49500,47212,47983.5,47830,45724.02381
17-12-2021,48387.54,45456,46989.28,47983.49,42380.54612
18-12-2021,47392.37,45500,46726.37,46989.28,28354.31295
19-12-2021,48300.01,46325.61,47121.57,46726.37,27658.61867
20-12-2021,47550,45558.85,46268.58,47117.22,33376.42034
21-12-2021,49328.96,46240.01,48441.51,46268.58,40806.97911
22-12-2021,49576.13,48332.5,48576.02,48441.51,27034.80291
23-12-2021,50776.98,47920.42,50619.98,48576.02,32135.71131
24-12-2021,51638,50384.43,51600.48,50619.98,33433.95985
25-12-2021,51810,50142.32,50986.34,51600.47,21539.57911
26-12-2021,51080,49412,50351.1,50986.35,21573.49564
27-12-2021,52088,49914.73,51690.69,50351.1,27309.74213
28-12-2021,51713.64,47600,47792.71,51690.68,45434.90229
29-12-2021,48142.78,46586.62,47531.47,47800.31,37130.88385
30-12-2021,47887.07,45900,47860.75,47531.47,34435.37698
31-12-2021,48548.26,46500,46686.41,47860.74,30529.22572
01-01-2022,47954.63,45678,47560.55,46686.42,25429.86224
02-01-2022,47990,46654,47058.12,47560.54,18536.9197
03-01-2022,47570,46263.29,46472.73,47056.43,24132.57062
04-01-2022,47557.54,45500,45750,46475.6,36132.12446
05-01-2022,47070,45550,45919.92,45750.01,29037.0402
06-01-2022,46118.85,42430.58,43369.04,45919.93,63400.58139
07-01-2022,43581.3,40610,41707.64,43369.04,54972.52794
08-01-2022,42246.37,40501,40679.82,41707.04,27031.90087
09-01-2022,42300,40520,41966.99,40679.82,27291.00966
10-01-2022,42786.7,39650,41604.58,41966.99,51064.90436
11-01-2022,43100,41158.99,42755,41604.58,38062.81828
12-01-2022,43095.26,42578.02,42675,42754.99,5610.0601
